timestamp,value
2023-10-09 00:00:00+00:00,149380
2023-10-09 01:00:00+00:00,317195
2023-10-09 02:00:00+00:00,813565
2023-10-09 03:00:00+00:00,1175026
2023-10-09 04:00:00+00:00,834388
2023-10-09 05:00:00+00:00,595122
2023-10-09 06:00:00+00:00,905112
2023-10-09 07:00:00+00:00,823659
2023-10-09 08:00:00+00:00,1602453
2023-10-09 09:00:00+00:00,702149
2023-10-09 10:00:00+00:00,572615
2023-10-09 11:00:00+00:00,364934
2023-10-09 12:00:00+00:00,335470
2023-10-09 13:00:00+00:00,270621
2023-10-09 14:00:00+00:00,366160
2023-10-09 15:00:00+00:00,301095
2023-10-09 16:00:00+00:00,198176
2023-10-09 17:00:00+00:00,234874
2023-10-09 18:00:00+00:00,253260
2023-10-09 19:00:00+00:00,136601
2023-10-09 20:00:00+00:00,423106
2023-10-09 21:00:00+00:00,384019
2023-10-09 22:00:00+00:00,390339
2023-10-09 23:00:00+00:00,267428
2023-10-10 00:00:00+00:00,236149
2023-10-10 01:00:00+00:00,216208
2023-10-10 02:00:00+00:00,492319
2023-10-10 03:00:00+00:00,968563
2023-10-10 04:00:00+00:00,959928
2023-10-10 05:00:00+00:00,736720
2023-10-10 06:00:00+00:00,833946
2023-10-10 07:00:00+00:00,792858
2023-10-10 08:00:00+00:00,668103
2023-10-10 09:00:00+00:00,824022
2023-10-10 10:00:00+00:00,1248378
2023-10-10 11:00:00+00:00,429418
2023-10-10 12:00:00+00:00,333578
2023-10-10 13:00:00+00:00,261502
2023-10-10 14:00:00+00:00,163427
2023-10-10 15:00:00+00:00,547664
2023-10-10 16:00:00+00:00,424202
2023-10-10 17:00:00+00:00,575889
2023-10-10 18:00:00+00:00,215927
2023-10-10 19:00:00+00:00,339661
2023-10-10 20:00:00+00:00,584820
2023-10-10 21:00:00+00:00,255122
2023-10-10 22:00:00+00:00,205887
2023-10-10 23:00:00+00:00,185081
2023-10-11 00:00:00+00:00,487293
2023-10-11 01:00:00+00:00,206724
2023-10-11 02:00:00+00:00,704326
2023-10-11 03:00:00+00:00,1144605
2023-10-11 04:00:00+00:00,794298
2023-10-11 05:00:00+00:00,786851
2023-10-11 06:00:00+00:00,599977
2023-10-11 07:00:00+00:00,1346443
2023-10-11 08:00:00+00:00,732830
2023-10-11 09:00:00+00:00,995340
2023-10-11 10:00:00+00:00,926727
2023-10-11 11:00:00+00:00,385980
2023-10-11 12:00:00+00:00,556164
2023-10-11 13:00:00+00:00,605730
2023-10-11 14:00:00+00:00,189969
2023-10-11 15:00:00+00:00,435883
2023-10-11 16:00:00+00:00,761352
2023-10-11 17:00:00+00:00,580389
2023-10-11 18:00:00+00:00,792293
2023-10-11 19:00:00+00:00,763714
2023-10-11 20:00:00+00:00,348119
2023-10-11 21:00:00+00:00,437622
2023-10-11 22:00:00+00:00,497242
2023-10-11 23:00:00+00:00,354001
2023-10-12 00:00:00+00:00,209623
2023-10-12 01:00:00+00:00,469020
2023-10-12 02:00:00+00:00,831524
2023-10-12 03:00:00+00:00,897485
2023-10-12 04:00:00+00:00,788097
2023-10-12 05:00:00+00:00,951692
2023-10-12 06:00:00+00:00,801900
2023-10-12 07:00:00+00:00,1247858
2023-10-12 08:00:00+00:00,1173985
2023-10-12 09:00:00+00:00,905588
2023-10-12 10:00:00+00:00,885546
2023-10-12 11:00:00+00:00,451043
2023-10-12 12:00:00+00:00,710650
2023-10-12 13:00:00+00:00,349808
2023-10-12 14:00:00+00:00,514674
2023-10-12 15:00:00+00:00,3075586
2023-10-12 16:00:00+00:00,597971
2023-10-12 17:00:00+00:00,541950
2023-10-12 18:00:00+00:00,350305
2023-10-12 19:00:00+00:00,124132
2023-10-12 20:00:00+00:00,158435
2023-10-12 21:00:00+00:00,121599
2023-10-12 22:00:00+00:00,203939
2023-10-12 23:00:00+00:00,134464
2023-10-13 00:00:00+00:00,265757
2023-10-13 01:00:00+00:00,269311
2023-10-13 02:00:00+00:00,678205
2023-10-13 03:00:00+00:00,851228
2023-10-13 04:00:00+00:00,938808
2023-10-13 05:00:00+00:00,731931
2023-10-13 06:00:00+00:00,878607
2023-10-13 07:00:00+00:00,931576
2023-10-13 08:00:00+00:00,1715881
2023-10-13 09:00:00+00:00,1094263
2023-10-13 10:00:00+00:00,817509
2023-10-13 11:00:00+00:00,584286
2023-10-13 12:00:00+00:00,481609
2023-10-13 13:00:00+00:00,235696
2023-10-13 14:00:00+00:00,592520
2023-10-13 15:00:00+00:00,324697
2023-10-13 16:00:00+00:00,241010
2023-10-13 17:00:00+00:00,342324
2023-10-13 18:00:00+00:00,1365912
2023-10-13 19:00:00+00:00,183560
2023-10-13 20:00:00+00:00,771137
2023-10-13 21:00:00+00:00,186617
2023-10-13 22:00:00+00:00,260042
2023-10-13 23:00:00+00:00,105451
2023-10-14 00:00:00+00:00,147700
2023-10-14 01:00:00+00:00,142186
2023-10-14 02:00:00+00:00,198067
2023-10-14 03:00:00+00:00,180441
2023-10-14 04:00:00+00:00,169864
2023-10-14 05:00:00+00:00,154064
2023-10-14 06:00:00+00:00,300354
2023-10-14 07:00:00+00:00,325110
2023-10-14 08:00:00+00:00,615719
2023-10-14 09:00:00+00:00,335193
2023-10-14 10:00:00+00:00,393613
2023-10-14 11:00:00+00:00,289505
2023-10-14 12:00:00+00:00,219926
2023-10-14 13:00:00+00:00,266732
2023-10-14 14:00:00+00:00,167191
2023-10-14 15:00:00+00:00,508911
2023-10-14 16:00:00+00:00,387430
2023-10-14 17:00:00+00:00,378629
2023-10-14 18:00:00+00:00,620113
2023-10-14 19:00:00+00:00,368964
2023-10-14 20:00:00+00:00,652974
2023-10-14 21:00:00+00:00,420153
2023-10-14 22:00:00+00:00,158533
2023-10-14 23:00:00+00:00,169223
2023-10-15 00:00:00+00:00,129916
2023-10-15 01:00:00+00:00,181151
2023-10-15 02:00:00+00:00,341042
2023-10-15 03:00:00+00:00,742256
2023-10-15 04:00:00+00:00,666798
2023-10-15 05:00:00+00:00,570132
2023-10-15 06:00:00+00:00,440901
2023-10-15 07:00:00+00:00,1321224
2023-10-15 08:00:00+00:00,498067
2023-10-15 09:00:00+00:00,1197556
2023-10-15 10:00:00+00:00,1264509
2023-10-15 11:00:00+00:00,792318
2023-10-15 12:00:00+00:00,1241122
2023-10-15 13:00:00+00:00,327719
2023-10-15 14:00:00+00:00,333092
2023-10-15 15:00:00+00:00,519234
2023-10-15 16:00:00+00:00,324014
2023-10-15 17:00:00+00:00,367803
2023-10-15 18:00:00+00:00,271423
2023-10-15 19:00:00+00:00,162424
2023-10-15 20:00:00+00:00,161389
2023-10-15 21:00:00+00:00,230774
2023-10-15 22:00:00+00:00,229349
2023-10-15 23:00:00+00:00,114678
2023-10-16 00:00:00+00:00,144123
2023-10-16 01:00:00+00:00,277784
2023-10-16 02:00:00+00:00,796394
2023-10-16 03:00:00+00:00,2075659
2023-10-16 04:00:00+00:00,1182859
2023-10-16 05:00:00+00:00,559366
2023-10-16 06:00:00+00:00,679702
2023-10-16 07:00:00+00:00,932145
2023-10-16 08:00:00+00:00,840130
2023-10-16 09:00:00+00:00,771071
2023-10-16 10:00:00+00:00,976381
2023-10-16 11:00:00+00:00,499193
2023-10-16 12:00:00+00:00,343189
2023-10-16 13:00:00+00:00,395191
2023-10-16 14:00:00+00:00,457954
2023-10-16 15:00:00+00:00,272018
2023-10-16 16:00:00+00:00,735232
2023-10-16 17:00:00+00:00,846802
2023-10-16 18:00:00+00:00,652581
2023-10-16 19:00:00+00:00,953580
2023-10-16 20:00:00+00:00,340422
2023-10-16 21:00:00+00:00,878105
2023-10-16 22:00:00+00:00,110720
2023-10-16 23:00:00+00:00,297570
2023-10-17 00:00:00+00:00,150497
2023-10-17 01:00:00+00:00,434790
2023-10-17 02:00:00+00:00,859655
2023-10-17 03:00:00+00:00,1232975
2023-10-17 04:00:00+00:00,951808
2023-10-17 05:00:00+00:00,2445094
2023-10-17 06:00:00+00:00,2251313
2023-10-17 07:00:00+00:00,1281963
2023-10-17 08:00:00+00:00,994530
2023-10-17 09:00:00+00:00,734915
2023-10-17 10:00:00+00:00,683603
2023-10-17 11:00:00+00:00,425541
2023-10-17 12:00:00+00:00,215277
2023-10-17 13:00:00+00:00,533871
2023-10-17 14:00:00+00:00,261958
2023-10-17 15:00:00+00:00,141572
2023-10-17 16:00:00+00:00,91724
2023-10-17 17:00:00+00:00,211841
2023-10-17 18:00:00+00:00,135703
2023-10-17 19:00:00+00:00,143332
2023-10-17 20:00:00+00:00,289354
2023-10-17 21:00:00+00:00,89975
2023-10-17 22:00:00+00:00,119549
2023-10-17 23:00:00+00:00,85534
2023-10-18 00:00:00+00:00,78780
2023-10-18 01:00:00+00:00,113157
2023-10-18 02:00:00+00:00,457064
2023-10-18 03:00:00+00:00,579082
2023-10-18 04:00:00+00:00,476955
2023-10-18 05:00:00+00:00,711436
2023-10-18 06:00:00+00:00,885182
2023-10-18 07:00:00+00:00,522472
2023-10-18 08:00:00+00:00,403662
2023-10-18 09:00:00+00:00,307857
2023-10-18 10:00:00+00:00,296377
2023-10-18 11:00:00+00:00,355619
2023-10-18 12:00:00+00:00,338347
2023-10-18 13:00:00+00:00,340876
2023-10-18 14:00:00+00:00,221289
2023-10-18 15:00:00+00:00,142152
2023-10-18 16:00:00+00:00,113992
2023-10-18 17:00:00+00:00,192216
2023-10-18 18:00:00+00:00,170780
2023-10-18 19:00:00+00:00,244175
2023-10-18 20:00:00+00:00,120210
2023-10-18 21:00:00+00:00,211606
2023-10-18 22:00:00+00:00,240706
2023-10-18 23:00:00+00:00,368105
2023-10-19 00:00:00+00:00,175626
2023-10-19 01:00:00+00:00,170895
2023-10-19 02:00:00+00:00,363119
2023-10-19 03:00:00+00:00,825611
2023-10-19 04:00:00+00:00,733288
2023-10-19 05:00:00+00:00,563550
2023-10-19 06:00:00+00:00,365107
2023-10-19 07:00:00+00:00,1135000
2023-10-19 08:00:00+00:00,873837
2023-10-19 09:00:00+00:00,643274
2023-10-19 10:00:00+00:00,936637
2023-10-19 11:00:00+00:00,749480
2023-10-19 12:00:00+00:00,558354
2023-10-19 13:00:00+00:00,561870
2023-10-19 14:00:00+00:00,554702
2023-10-19 15:00:00+00:00,997759
2023-10-19 16:00:00+00:00,284474
2023-10-19 17:00:00+00:00,186014
2023-10-19 18:00:00+00:00,669025
2023-10-19 19:00:00+00:00,211103
2023-10-19 20:00:00+00:00,229737
2023-10-19 21:00:00+00:00,278582
2023-10-19 22:00:00+00:00,110051
2023-10-19 23:00:00+00:00,127333
2023-10-20 00:00:00+00:00,299286
2023-10-20 01:00:00+00:00,160911
2023-10-20 02:00:00+00:00,597356
2023-10-20 03:00:00+00:00,566765
2023-10-20 04:00:00+00:00,508847
2023-10-20 05:00:00+00:00,1004886
2023-10-20 06:00:00+00:00,446989
2023-10-20 07:00:00+00:00,965013
2023-10-20 08:00:00+00:00,1079401
2023-10-20 09:00:00+00:00,989744
2023-10-20 10:00:00+00:00,505538
2023-10-20 11:00:00+00:00,313971
2023-10-20 12:00:00+00:00,236001
2023-10-20 13:00:00+00:00,191608
2023-10-20 14:00:00+00:00,255725
2023-10-20 15:00:00+00:00,290809
2023-10-20 16:00:00+00:00,250526
2023-10-20 17:00:00+00:00,148720
2023-10-20 18:00:00+00:00,297665
2023-10-20 19:00:00+00:00,278803
2023-10-20 20:00:00+00:00,151979
2023-10-20 21:00:00+00:00,107881
2023-10-20 22:00:00+00:00,50661
2023-10-20 23:00:00+00:00,456004
2023-10-21 00:00:00+00:00,79308
2023-10-21 01:00:00+00:00,74670
2023-10-21 02:00:00+00:00,154531
2023-10-21 03:00:00+00:00,150672
2023-10-21 04:00:00+00:00,170863
2023-10-21 05:00:00+00:00,378907
2023-10-21 06:00:00+00:00,316428
2023-10-21 07:00:00+00:00,362776
2023-10-21 08:00:00+00:00,720922
2023-10-21 09:00:00+00:00,200243
2023-10-21 10:00:00+00:00,275348
2023-10-21 11:00:00+00:00,443279
2023-10-21 12:00:00+00:00,567999
2023-10-21 13:00:00+00:00,398153
2023-10-21 14:00:00+00:00,483401
2023-10-21 15:00:00+00:00,1128157
2023-10-21 16:00:00+00:00,2954255
2023-10-21 17:00:00+00:00,592721
2023-10-21 18:00:00+00:00,488757
2023-10-21 19:00:00+00:00,223217
2023-10-21 20:00:00+00:00,193416
2023-10-21 21:00:00+00:00,567916
2023-10-21 22:00:00+00:00,174812
2023-10-21 23:00:00+00:00,100478
2023-10-22 00:00:00+00:00,127257
2023-10-22 01:00:00+00:00,127656
2023-10-22 02:00:00+00:00,198922
2023-10-22 03:00:00+00:00,267236
2023-10-22 04:00:00+00:00,305665
2023-10-22 05:00:00+00:00,510136
2023-10-22 06:00:00+00:00,320652
2023-10-22 07:00:00+00:00,296931
2023-10-22 08:00:00+00:00,422571
2023-10-22 09:00:00+00:00,695880
2023-10-22 10:00:00+00:00,635797
2023-10-22 11:00:00+00:00,869068
2023-10-22 12:00:00+00:00,486995
2023-10-22 13:00:00+00:00,187732
2023-10-22 14:00:00+00:00,2484092
2023-10-22 15:00:00+00:00,184715
2023-10-22 16:00:00+00:00,260118
2023-10-22 17:00:00+00:00,357138
2023-10-22 18:00:00+00:00,348332
2023-10-22 19:00:00+00:00,292374
2023-10-22 20:00:00+00:00,344262
2023-10-22 21:00:00+00:00,168243
2023-10-22 22:00:00+00:00,149031
2023-10-22 23:00:00+00:00,127486
2023-10-23 00:00:00+00:00,187725
2023-10-23 01:00:00+00:00,360722
2023-10-23 02:00:00+00:00,824579
2023-10-23 03:00:00+00:00,886291
2023-10-23 04:00:00+00:00,919097
2023-10-23 05:00:00+00:00,667659
2023-10-23 06:00:00+00:00,799367
2023-10-23 07:00:00+00:00,1231565
2023-10-23 08:00:00+00:00,935015
2023-10-23 09:00:00+00:00,680437
2023-10-23 10:00:00+00:00,638142
2023-10-23 11:00:00+00:00,437931
2023-10-23 12:00:00+00:00,295704
2023-10-23 13:00:00+00:00,358857
2023-10-23 14:00:00+00:00,107169
2023-10-23 15:00:00+00:00,414941
2023-10-23 16:00:00+00:00,403966
2023-10-23 17:00:00+00:00,632279
2023-10-23 18:00:00+00:00,363519
2023-10-23 19:00:00+00:00,137583
2023-10-23 20:00:00+00:00,140563
2023-10-23 21:00:00+00:00,207086
2023-10-23 22:00:00+00:00,235949
2023-10-23 23:00:00+00:00,231670
2023-10-24 00:00:00+00:00,73329
2023-10-24 01:00:00+00:00,173644
2023-10-24 02:00:00+00:00,433914
2023-10-24 03:00:00+00:00,775496
2023-10-24 04:00:00+00:00,757673
2023-10-24 05:00:00+00:00,714384
2023-10-24 06:00:00+00:00,540027
2023-10-24 07:00:00+00:00,575075
2023-10-24 08:00:00+00:00,897484
2023-10-24 09:00:00+00:00,914489
2023-10-24 10:00:00+00:00,630671
2023-10-24 11:00:00+00:00,722784
2023-10-24 12:00:00+00:00,295276
2023-10-24 13:00:00+00:00,261233
2023-10-24 14:00:00+00:00,226087
2023-10-24 15:00:00+00:00,395717
2023-10-24 16:00:00+00:00,318928
2023-10-24 17:00:00+00:00,450450
2023-10-24 18:00:00+00:00,365583
2023-10-24 19:00:00+00:00,353232
2023-10-24 20:00:00+00:00,132756
2023-10-24 21:00:00+00:00,210719
2023-10-24 22:00:00+00:00,268382
2023-10-24 23:00:00+00:00,80173
2023-10-25 00:00:00+00:00,122888
2023-10-25 01:00:00+00:00,197290
2023-10-25 02:00:00+00:00,504652
2023-10-25 03:00:00+00:00,888240
2023-10-25 04:00:00+00:00,895859
2023-10-25 05:00:00+00:00,1437700
2023-10-25 06:00:00+00:00,1184387
2023-10-25 07:00:00+00:00,1132507
2023-10-25 08:00:00+00:00,990763
2023-10-25 09:00:00+00:00,933245
2023-10-25 10:00:00+00:00,616401
2023-10-25 11:00:00+00:00,358463
2023-10-25 12:00:00+00:00,606133
2023-10-25 13:00:00+00:00,446964
2023-10-25 14:00:00+00:00,219997
2023-10-25 15:00:00+00:00,192525
2023-10-25 16:00:00+00:00,408717
2023-10-25 17:00:00+00:00,407615
2023-10-25 18:00:00+00:00,398357
2023-10-25 19:00:00+00:00,477245
2023-10-25 20:00:00+00:00,220924
2023-10-25 21:00:00+00:00,288864
2023-10-25 22:00:00+00:00,260878
2023-10-25 23:00:00+00:00,123407
2023-10-26 00:00:00+00:00,223660
2023-10-26 01:00:00+00:00,414519
2023-10-26 02:00:00+00:00,676003
2023-10-26 03:00:00+00:00,1373682
2023-10-26 04:00:00+00:00,903947
2023-10-26 05:00:00+00:00,735286
2023-10-26 06:00:00+00:00,796175
2023-10-26 07:00:00+00:00,710165
2023-10-26 08:00:00+00:00,869529
2023-10-26 09:00:00+00:00,790303
2023-10-26 10:00:00+00:00,855849
2023-10-26 11:00:00+00:00,485658
2023-10-26 12:00:00+00:00,757190
2023-10-26 13:00:00+00:00,395296
2023-10-26 14:00:00+00:00,234567
2023-10-26 15:00:00+00:00,530474
2023-10-26 16:00:00+00:00,457203
2023-10-26 17:00:00+00:00,767993
2023-10-26 18:00:00+00:00,262673
2023-10-26 19:00:00+00:00,1000469
2023-10-26 20:00:00+00:00,217731
2023-10-26 21:00:00+00:00,318464
2023-10-26 22:00:00+00:00,167601
2023-10-26 23:00:00+00:00,269191
2023-10-27 00:00:00+00:00,302795
2023-10-27 01:00:00+00:00,278643
2023-10-27 02:00:00+00:00,837348
2023-10-27 03:00:00+00:00,1000899
2023-10-27 04:00:00+00:00,1902363
2023-10-27 05:00:00+00:00,957765
2023-10-27 06:00:00+00:00,793317
2023-10-27 07:00:00+00:00,1776373
2023-10-27 08:00:00+00:00,927063
2023-10-27 09:00:00+00:00,1839638
2023-10-27 10:00:00+00:00,1214474
2023-10-27 11:00:00+00:00,618388
2023-10-27 12:00:00+00:00,801317
2023-10-27 13:00:00+00:00,580751
2023-10-27 14:00:00+00:00,228931
2023-10-27 15:00:00+00:00,439753
2023-10-27 16:00:00+00:00,304767
2023-10-27 17:00:00+00:00,537126
2023-10-27 18:00:00+00:00,283939
2023-10-27 19:00:00+00:00,544229
2023-10-27 20:00:00+00:00,280234
2023-10-27 21:00:00+00:00,261629
2023-10-27 22:00:00+00:00,183867
2023-10-27 23:00:00+00:00,181122
2023-10-28 00:00:00+00:00,290943
2023-10-28 01:00:00+00:00,409395
2023-10-28 02:00:00+00:00,242951
2023-10-28 03:00:00+00:00,262930
2023-10-28 04:00:00+00:00,295381
2023-10-28 05:00:00+00:00,346030
2023-10-28 06:00:00+00:00,612805
2023-10-28 07:00:00+00:00,249506
2023-10-28 08:00:00+00:00,188900
2023-10-28 09:00:00+00:00,273297
2023-10-28 10:00:00+00:00,485486
2023-10-28 11:00:00+00:00,331210
2023-10-28 12:00:00+00:00,304134
2023-10-28 13:00:00+00:00,275877
2023-10-28 14:00:00+00:00,954907
2023-10-28 15:00:00+00:00,251103
2023-10-28 16:00:00+00:00,479560
2023-10-28 17:00:00+00:00,598732
2023-10-28 18:00:00+00:00,467191
2023-10-28 19:00:00+00:00,769992
2023-10-28 20:00:00+00:00,278791
2023-10-28 21:00:00+00:00,625323
2023-10-28 22:00:00+00:00,159905
2023-10-28 23:00:00+00:00,250954
2023-10-29 01:00:00+00:00,189325
2023-10-29 02:00:00+00:00,172844
2023-10-29 03:00:00+00:00,299409
2023-10-29 04:00:00+00:00,180324
2023-10-29 05:00:00+00:00,507929
2023-10-29 06:00:00+00:00,546874
2023-10-29 07:00:00+00:00,398180
2023-10-29 08:00:00+00:00,367313
2023-10-29 09:00:00+00:00,291964
2023-10-29 10:00:00+00:00,537980
2023-10-29 11:00:00+00:00,458307
2023-10-29 12:00:00+00:00,613831
2023-10-29 13:00:00+00:00,422510
2023-10-29 14:00:00+00:00,604298
2023-10-29 15:00:00+00:00,200551
2023-10-29 16:00:00+00:00,306022
2023-10-29 17:00:00+00:00,1384343
2023-10-29 18:00:00+00:00,344954
2023-10-29 19:00:00+00:00,779977
2023-10-29 20:00:00+00:00,510985
2023-10-29 21:00:00+00:00,506569
2023-10-29 22:00:00+00:00,467626
2023-10-29 23:00:00+00:00,359155
2023-10-30 00:00:00+00:00,177224
2023-10-30 01:00:00+00:00,359731
2023-10-30 02:00:00+00:00,437361
2023-10-30 03:00:00+00:00,549550
2023-10-30 04:00:00+00:00,981980
2023-10-30 05:00:00+00:00,2305758
2023-10-30 06:00:00+00:00,1011700
2023-10-30 07:00:00+00:00,1226262
2023-10-30 08:00:00+00:00,985789
2023-10-30 09:00:00+00:00,690822
2023-10-30 10:00:00+00:00,981757
2023-10-30 11:00:00+00:00,1162772
2023-10-30 12:00:00+00:00,946293
2023-10-30 13:00:00+00:00,398267
2023-10-30 14:00:00+00:00,591510
2023-10-30 15:00:00+00:00,325758
2023-10-30 16:00:00+00:00,182172
2023-10-30 17:00:00+00:00,652567
2023-10-30 18:00:00+00:00,213579
2023-10-30 19:00:00+00:00,469461
2023-10-30 20:00:00+00:00,689193
2023-10-30 21:00:00+00:00,244381
2023-10-30 22:00:00+00:00,277803
2023-10-30 23:00:00+00:00,201626
2023-10-31 00:00:00+00:00,164456
2023-10-31 01:00:00+00:00,157717
2023-10-31 02:00:00+00:00,104422
2023-10-31 03:00:00+00:00,345025
2023-10-31 04:00:00+00:00,481973
2023-10-31 05:00:00+00:00,1660011
2023-10-31 06:00:00+00:00,1108096
2023-10-31 07:00:00+00:00,698114
2023-10-31 08:00:00+00:00,1099316
2023-10-31 09:00:00+00:00,1677569
2023-10-31 10:00:00+00:00,1453085
2023-10-31 11:00:00+00:00,1179785
2023-10-31 12:00:00+00:00,1058301
2023-10-31 13:00:00+00:00,426597
2023-10-31 14:00:00+00:00,526235
2023-10-31 15:00:00+00:00,243964
2023-10-31 16:00:00+00:00,239505
2023-10-31 17:00:00+00:00,223731
2023-10-31 18:00:00+00:00,404060
2023-10-31 19:00:00+00:00,373657
2023-10-31 20:00:00+00:00,266039
2023-10-31 21:00:00+00:00,198882
2023-10-31 22:00:00+00:00,190275
2023-10-31 23:00:00+00:00,140965
2023-11-01 00:00:00+00:00,107355
2023-11-01 01:00:00+00:00,131119
2023-11-01 02:00:00+00:00,122275
2023-11-01 03:00:00+00:00,190202
2023-11-01 04:00:00+00:00,612536
2023-11-01 05:00:00+00:00,783902
2023-11-01 06:00:00+00:00,778571
2023-11-01 07:00:00+00:00,661405
2023-11-01 08:00:00+00:00,697083
2023-11-01 09:00:00+00:00,608364
2023-11-01 10:00:00+00:00,942858
2023-11-01 11:00:00+00:00,1469635
2023-11-01 12:00:00+00:00,1062756
2023-11-01 13:00:00+00:00,745500
2023-11-01 14:00:00+00:00,668872
2023-11-01 15:00:00+00:00,750097
2023-11-01 16:00:00+00:00,196911
2023-11-01 17:00:00+00:00,1476529
2023-11-01 18:00:00+00:00,574296
2023-11-01 19:00:00+00:00,793324
2023-11-01 20:00:00+00:00,261575
2023-11-01 21:00:00+00:00,298772
2023-11-01 22:00:00+00:00,301958
2023-11-01 23:00:00+00:00,302372
2023-11-02 00:00:00+00:00,137675
2023-11-02 01:00:00+00:00,183678
2023-11-02 02:00:00+00:00,125937
2023-11-02 03:00:00+00:00,184174
2023-11-02 04:00:00+00:00,906863
2023-11-02 05:00:00+00:00,1493195
2023-11-02 06:00:00+00:00,1232771
2023-11-02 07:00:00+00:00,787852
2023-11-02 08:00:00+00:00,994528
2023-11-02 09:00:00+00:00,1667470
2023-11-02 10:00:00+00:00,1164004
2023-11-02 11:00:00+00:00,915663
2023-11-02 12:00:00+00:00,735300
2023-11-02 13:00:00+00:00,515751
2023-11-02 14:00:00+00:00,346838
2023-11-02 15:00:00+00:00,354374
2023-11-02 16:00:00+00:00,187119
2023-11-02 17:00:00+00:00,394206
2023-11-02 18:00:00+00:00,641171
2023-11-02 19:00:00+00:00,421372
2023-11-02 20:00:00+00:00,337728
2023-11-02 21:00:00+00:00,261536
2023-11-02 22:00:00+00:00,999978
2023-11-02 23:00:00+00:00,584582
2023-11-03 00:00:00+00:00,470412
2023-11-03 01:00:00+00:00,297812
2023-11-03 02:00:00+00:00,326695
2023-11-03 03:00:00+00:00,390855
2023-11-03 04:00:00+00:00,488862
2023-11-03 05:00:00+00:00,1139181
2023-11-03 06:00:00+00:00,775487
2023-11-03 07:00:00+00:00,1480301
2023-11-03 08:00:00+00:00,1109023
2023-11-03 09:00:00+00:00,778180
2023-11-03 10:00:00+00:00,1393687
2023-11-03 11:00:00+00:00,1090717
2023-11-03 12:00:00+00:00,660970
2023-11-03 13:00:00+00:00,516681
2023-11-03 14:00:00+00:00,351992
2023-11-03 15:00:00+00:00,343841
2023-11-03 16:00:00+00:00,211492
2023-11-03 17:00:00+00:00,361952
2023-11-03 18:00:00+00:00,484598
2023-11-03 19:00:00+00:00,887273
2023-11-03 20:00:00+00:00,981636
2023-11-03 21:00:00+00:00,494799
2023-11-03 22:00:00+00:00,403168
2023-11-03 23:00:00+00:00,545916
2023-11-04 00:00:00+00:00,254640
2023-11-04 01:00:00+00:00,174651
2023-11-04 02:00:00+00:00,166740
2023-11-04 03:00:00+00:00,222118
2023-11-04 04:00:00+00:00,136353
2023-11-04 05:00:00+00:00,161838
2023-11-04 06:00:00+00:00,102277
2023-11-04 07:00:00+00:00,361232
2023-11-04 08:00:00+00:00,171142
2023-11-04 09:00:00+00:00,440976
2023-11-04 10:00:00+00:00,213670
2023-11-04 11:00:00+00:00,790177
2023-11-04 12:00:00+00:00,310613
2023-11-04 13:00:00+00:00,442914
2023-11-04 14:00:00+00:00,247099
2023-11-04 15:00:00+00:00,140045
2023-11-04 16:00:00+00:00,1743119
2023-11-04 17:00:00+00:00,379553
2023-11-04 18:00:00+00:00,415194
2023-11-04 19:00:00+00:00,1091899
2023-11-04 20:00:00+00:00,922283
2023-11-04 21:00:00+00:00,1207057
2023-11-04 22:00:00+00:00,255497
2023-11-04 23:00:00+00:00,84721
2023-11-05 00:00:00+00:00,100052
2023-11-05 01:00:00+00:00,172291
2023-11-05 02:00:00+00:00,99960
2023-11-05 03:00:00+00:00,91692
2023-11-05 04:00:00+00:00,154644
2023-11-05 05:00:00+00:00,293155
2023-11-05 06:00:00+00:00,374209
2023-11-05 07:00:00+00:00,265098
2023-11-05 08:00:00+00:00,214548
2023-11-05 09:00:00+00:00,216741
2023-11-05 10:00:00+00:00,341036
2023-11-05 11:00:00+00:00,750036
2023-11-05 12:00:00+00:00,1556186
2023-11-05 13:00:00+00:00,604402
2023-11-05 14:00:00+00:00,538907
2023-11-05 15:00:00+00:00,778520
2023-11-05 16:00:00+00:00,417391
2023-11-05 17:00:00+00:00,613270
2023-11-05 18:00:00+00:00,637559
2023-11-05 19:00:00+00:00,605485
2023-11-05 20:00:00+00:00,584221
2023-11-05 21:00:00+00:00,430115
2023-11-05 22:00:00+00:00,407416
2023-11-05 23:00:00+00:00,180964
2023-11-06 00:00:00+00:00,187397
2023-11-06 01:00:00+00:00,516688
2023-11-06 02:00:00+00:00,383299
2023-11-06 03:00:00+00:00,541220
2023-11-06 04:00:00+00:00,1039040
2023-11-06 05:00:00+00:00,2459095
2023-11-06 06:00:00+00:00,754779
2023-11-06 07:00:00+00:00,1788591
2023-11-06 08:00:00+00:00,684054
2023-11-06 09:00:00+00:00,693829
2023-11-06 10:00:00+00:00,936287
2023-11-06 11:00:00+00:00,1197624
2023-11-06 12:00:00+00:00,701602
2023-11-06 13:00:00+00:00,411554
2023-11-06 14:00:00+00:00,591253
2023-11-06 15:00:00+00:00,248757
2023-11-06 16:00:00+00:00,159337
2023-11-06 17:00:00+00:00,318445
2023-11-06 18:00:00+00:00,206827
2023-11-06 19:00:00+00:00,228811
2023-11-06 20:00:00+00:00,503881
2023-11-06 21:00:00+00:00,263141
2023-11-06 22:00:00+00:00,625382
2023-11-06 23:00:00+00:00,593371
2023-11-07 00:00:00+00:00,531002
2023-11-07 01:00:00+00:00,222785
2023-11-07 02:00:00+00:00,117895
2023-11-07 03:00:00+00:00,217300
2023-11-07 04:00:00+00:00,686951
2023-11-07 05:00:00+00:00,1403124
2023-11-07 06:00:00+00:00,1178511
2023-11-07 07:00:00+00:00,1741589
2023-11-07 08:00:00+00:00,982998
2023-11-07 09:00:00+00:00,1044505
2023-11-07 10:00:00+00:00,974041
2023-11-07 11:00:00+00:00,1102327
2023-11-07 12:00:00+00:00,1071884
2023-11-07 13:00:00+00:00,334272
2023-11-07 14:00:00+00:00,373350
2023-11-07 15:00:00+00:00,214411
2023-11-07 16:00:00+00:00,240731
2023-11-07 17:00:00+00:00,271895
2023-11-07 18:00:00+00:00,454401
2023-11-07 19:00:00+00:00,751787
2023-11-07 20:00:00+00:00,516980
2023-11-07 21:00:00+00:00,528274
2023-11-07 22:00:00+00:00,539832
2023-11-07 23:00:00+00:00,148430
2023-11-08 00:00:00+00:00,97420
2023-11-08 01:00:00+00:00,159822
2023-11-08 02:00:00+00:00,166529
2023-11-08 03:00:00+00:00,253799
2023-11-08 04:00:00+00:00,1242570
2023-11-08 05:00:00+00:00,1312401
2023-11-08 06:00:00+00:00,1911695
2023-11-08 07:00:00+00:00,642701
2023-11-08 08:00:00+00:00,734653
2023-11-08 09:00:00+00:00,796291
2023-11-08 10:00:00+00:00,1146073
2023-11-08 11:00:00+00:00,893806
2023-11-08 12:00:00+00:00,798864
2023-11-08 13:00:00+00:00,399048
2023-11-08 14:00:00+00:00,493488
2023-11-08 15:00:00+00:00,427452
2023-11-08 16:00:00+00:00,199795
2023-11-08 17:00:00+00:00,163501
2023-11-08 18:00:00+00:00,361987
2023-11-08 19:00:00+00:00,750494
2023-11-08 20:00:00+00:00,509895
2023-11-08 21:00:00+00:00,345188
2023-11-08 22:00:00+00:00,256396
2023-11-08 23:00:00+00:00,286192
2023-11-09 00:00:00+00:00,183778
2023-11-09 01:00:00+00:00,125058
2023-11-09 02:00:00+00:00,135432
2023-11-09 03:00:00+00:00,318097
2023-11-09 04:00:00+00:00,592540
2023-11-09 05:00:00+00:00,1909666
2023-11-09 06:00:00+00:00,929331
2023-11-09 07:00:00+00:00,1024162
2023-11-09 08:00:00+00:00,919371
2023-11-09 09:00:00+00:00,529909
2023-11-09 10:00:00+00:00,732076
2023-11-09 11:00:00+00:00,1344188
2023-11-09 12:00:00+00:00,655526
2023-11-09 13:00:00+00:00,333208
2023-11-09 14:00:00+00:00,344656
2023-11-09 15:00:00+00:00,218182
2023-11-09 16:00:00+00:00,304807
2023-11-09 17:00:00+00:00,374646
2023-11-09 18:00:00+00:00,462792
2023-11-09 19:00:00+00:00,451325
2023-11-09 20:00:00+00:00,971920
2023-11-09 21:00:00+00:00,503800
2023-11-09 22:00:00+00:00,494468
2023-11-09 23:00:00+00:00,227575
2023-11-10 00:00:00+00:00,418691
2023-11-10 01:00:00+00:00,281400
2023-11-10 02:00:00+00:00,171400
2023-11-10 03:00:00+00:00,238087
2023-11-10 04:00:00+00:00,621848
2023-11-10 05:00:00+00:00,1218158
2023-11-10 06:00:00+00:00,1450228
2023-11-10 07:00:00+00:00,1286563
2023-11-10 08:00:00+00:00,856276
2023-11-10 09:00:00+00:00,852952
2023-11-10 10:00:00+00:00,1019990
2023-11-10 11:00:00+00:00,768706
2023-11-10 12:00:00+00:00,779048
2023-11-10 13:00:00+00:00,556703
2023-11-10 14:00:00+00:00,909873
2023-11-10 15:00:00+00:00,620620
2023-11-10 16:00:00+00:00,275763
2023-11-10 17:00:00+00:00,471562
2023-11-10 18:00:00+00:00,469820
2023-11-10 19:00:00+00:00,857012
2023-11-10 20:00:00+00:00,516000
2023-11-10 21:00:00+00:00,830488
2023-11-10 22:00:00+00:00,473381
2023-11-10 23:00:00+00:00,253961
2023-11-11 00:00:00+00:00,221798
2023-11-11 01:00:00+00:00,195732
2023-11-11 02:00:00+00:00,194598
2023-11-11 03:00:00+00:00,343723
2023-11-11 04:00:00+00:00,281364
2023-11-11 05:00:00+00:00,296378
2023-11-11 06:00:00+00:00,357664
2023-11-11 07:00:00+00:00,262131
2023-11-11 08:00:00+00:00,358686
2023-11-11 09:00:00+00:00,446402
2023-11-11 10:00:00+00:00,1085244
2023-11-11 11:00:00+00:00,1087924
2023-11-11 12:00:00+00:00,900191
2023-11-11 13:00:00+00:00,1579761
2023-11-11 14:00:00+00:00,816795
2023-11-11 15:00:00+00:00,479295
2023-11-11 16:00:00+00:00,231984
2023-11-11 17:00:00+00:00,502977
2023-11-11 18:00:00+00:00,600188
2023-11-11 19:00:00+00:00,1051417
2023-11-11 20:00:00+00:00,549072
2023-11-11 21:00:00+00:00,557268
2023-11-11 22:00:00+00:00,354193
2023-11-11 23:00:00+00:00,153208
2023-11-12 00:00:00+00:00,95922
2023-11-12 01:00:00+00:00,163774
2023-11-12 02:00:00+00:00,116517
2023-11-12 03:00:00+00:00,120415
2023-11-12 04:00:00+00:00,343215
2023-11-12 05:00:00+00:00,340656
2023-11-12 06:00:00+00:00,303645
2023-11-12 07:00:00+00:00,232717
2023-11-12 08:00:00+00:00,584325
2023-11-12 09:00:00+00:00,449409
2023-11-12 10:00:00+00:00,411315
2023-11-12 11:00:00+00:00,563925
2023-11-12 12:00:00+00:00,454666
2023-11-12 13:00:00+00:00,3675205
2023-11-12 14:00:00+00:00,449192
2023-11-12 15:00:00+00:00,1547989
2023-11-12 16:00:00+00:00,194254
2023-11-12 17:00:00+00:00,316541
2023-11-12 18:00:00+00:00,389354
2023-11-12 19:00:00+00:00,231798
2023-11-12 20:00:00+00:00,959096
2023-11-12 21:00:00+00:00,1159343
2023-11-12 22:00:00+00:00,355423
2023-11-12 23:00:00+00:00,379066
2023-11-13 00:00:00+00:00,255722
2023-11-13 01:00:00+00:00,264341
2023-11-13 02:00:00+00:00,198629
2023-11-13 03:00:00+00:00,608382
2023-11-13 04:00:00+00:00,1013969
2023-11-13 05:00:00+00:00,865183
2023-11-13 06:00:00+00:00,932256
2023-11-13 07:00:00+00:00,935943
2023-11-13 08:00:00+00:00,1821340
2023-11-13 09:00:00+00:00,888358
2023-11-13 10:00:00+00:00,822853
2023-11-13 11:00:00+00:00,712735
2023-11-13 12:00:00+00:00,848091
2023-11-13 13:00:00+00:00,411641
2023-11-13 14:00:00+00:00,445704
2023-11-13 15:00:00+00:00,299622
2023-11-13 16:00:00+00:00,340505
2023-11-13 17:00:00+00:00,329026
2023-11-13 18:00:00+00:00,563987
2023-11-13 19:00:00+00:00,318473
2023-11-13 20:00:00+00:00,313928
2023-11-13 21:00:00+00:00,248225
2023-11-13 22:00:00+00:00,320018
2023-11-13 23:00:00+00:00,191341
2023-11-14 00:00:00+00:00,174120
2023-11-14 01:00:00+00:00,131583
2023-11-14 02:00:00+00:00,211679
2023-11-14 03:00:00+00:00,214233
2023-11-14 04:00:00+00:00,612316
2023-11-14 05:00:00+00:00,1067234
2023-11-14 06:00:00+00:00,998328
2023-11-14 07:00:00+00:00,762751
2023-11-14 08:00:00+00:00,674255
2023-11-14 09:00:00+00:00,820402
2023-11-14 10:00:00+00:00,1249039
2023-11-14 11:00:00+00:00,824926
2023-11-14 12:00:00+00:00,1150964
2023-11-14 13:00:00+00:00,812788
2023-11-14 14:00:00+00:00,642866
2023-11-14 15:00:00+00:00,443124
2023-11-14 16:00:00+00:00,430486
2023-11-14 17:00:00+00:00,409868
2023-11-14 18:00:00+00:00,638235
2023-11-14 19:00:00+00:00,806609
2023-11-14 20:00:00+00:00,928461
2023-11-14 21:00:00+00:00,367495
2023-11-14 22:00:00+00:00,566971
2023-11-14 23:00:00+00:00,333888
2023-11-15 00:00:00+00:00,325323
2023-11-15 01:00:00+00:00,158269
2023-11-15 02:00:00+00:00,141550
2023-11-15 03:00:00+00:00,316933
2023-11-15 04:00:00+00:00,697289
2023-11-15 05:00:00+00:00,1486521
2023-11-15 06:00:00+00:00,1085057
2023-11-15 07:00:00+00:00,712746
2023-11-15 08:00:00+00:00,690018
2023-11-15 09:00:00+00:00,579731
2023-11-15 10:00:00+00:00,872415
2023-11-15 11:00:00+00:00,459123
2023-11-15 12:00:00+00:00,601509
2023-11-15 13:00:00+00:00,458864
2023-11-15 14:00:00+00:00,522218
2023-11-15 15:00:00+00:00,415873
2023-11-15 16:00:00+00:00,438178
2023-11-15 17:00:00+00:00,552380
2023-11-15 18:00:00+00:00,543501
2023-11-15 19:00:00+00:00,650805
2023-11-15 20:00:00+00:00,494874
2023-11-15 21:00:00+00:00,432535
2023-11-15 22:00:00+00:00,435999
2023-11-15 23:00:00+00:00,207437
2023-11-16 00:00:00+00:00,212886
2023-11-16 01:00:00+00:00,236676
2023-11-16 02:00:00+00:00,243663
2023-11-16 03:00:00+00:00,745085
2023-11-16 04:00:00+00:00,723025
2023-11-16 05:00:00+00:00,1163489
2023-11-16 06:00:00+00:00,1066486
2023-11-16 07:00:00+00:00,966954
2023-11-16 08:00:00+00:00,1600247
2023-11-16 09:00:00+00:00,1410652
2023-11-16 10:00:00+00:00,1107694
2023-11-16 11:00:00+00:00,1096399
2023-11-16 12:00:00+00:00,849615
2023-11-16 13:00:00+00:00,655844
2023-11-16 14:00:00+00:00,480211
2023-11-16 15:00:00+00:00,481842
2023-11-16 16:00:00+00:00,1113443
2023-11-16 17:00:00+00:00,360081
2023-11-16 18:00:00+00:00,574198
2023-11-16 19:00:00+00:00,580612
2023-11-16 20:00:00+00:00,311630
2023-11-16 21:00:00+00:00,213693
2023-11-16 22:00:00+00:00,238045
2023-11-16 23:00:00+00:00,331684
2023-11-17 00:00:00+00:00,226208
2023-11-17 01:00:00+00:00,133887
2023-11-17 02:00:00+00:00,179929
2023-11-17 03:00:00+00:00,165499
2023-11-17 04:00:00+00:00,394352
2023-11-17 05:00:00+00:00,560074
2023-11-17 06:00:00+00:00,342091
2023-11-17 07:00:00+00:00,310860
2023-11-17 08:00:00+00:00,384543
2023-11-17 09:00:00+00:00,301598
2023-11-17 10:00:00+00:00,314835
2023-11-17 11:00:00+00:00,465509
2023-11-17 12:00:00+00:00,480001
2023-11-17 13:00:00+00:00,359719
2023-11-17 14:00:00+00:00,315723
2023-11-17 15:00:00+00:00,515022
2023-11-17 16:00:00+00:00,426554
2023-11-17 17:00:00+00:00,409716
2023-11-17 18:00:00+00:00,301577
2023-11-17 19:00:00+00:00,719454
2023-11-17 20:00:00+00:00,444710
2023-11-17 21:00:00+00:00,538338
2023-11-17 22:00:00+00:00,643034
2023-11-17 23:00:00+00:00,396504
2023-11-18 00:00:00+00:00,358697
2023-11-18 01:00:00+00:00,152652
2023-11-18 02:00:00+00:00,209231
2023-11-18 03:00:00+00:00,262067
2023-11-18 04:00:00+00:00,210098
2023-11-18 05:00:00+00:00,339290
2023-11-18 06:00:00+00:00,1401382
2023-11-18 07:00:00+00:00,886305
2023-11-18 08:00:00+00:00,834341
2023-11-18 09:00:00+00:00,552599
2023-11-18 10:00:00+00:00,491754
2023-11-18 11:00:00+00:00,673624
2023-11-18 12:00:00+00:00,649297
2023-11-18 13:00:00+00:00,550078
2023-11-18 14:00:00+00:00,338497
2023-11-18 15:00:00+00:00,505864
2023-11-18 16:00:00+00:00,756270
2023-11-18 17:00:00+00:00,352589
2023-11-18 18:00:00+00:00,845420
2023-11-18 19:00:00+00:00,463909
2023-11-18 20:00:00+00:00,689023
2023-11-18 21:00:00+00:00,685702
2023-11-18 22:00:00+00:00,366095
2023-11-18 23:00:00+00:00,155650
2023-11-19 00:00:00+00:00,671429
2023-11-19 01:00:00+00:00,653867
2023-11-19 02:00:00+00:00,157942
2023-11-19 03:00:00+00:00,112478
2023-11-19 04:00:00+00:00,401879
2023-11-19 05:00:00+00:00,518471
2023-11-19 06:00:00+00:00,803747
2023-11-19 07:00:00+00:00,527920
2023-11-19 08:00:00+00:00,489872
2023-11-19 09:00:00+00:00,495334
2023-11-19 10:00:00+00:00,382256
2023-11-19 11:00:00+00:00,533915
2023-11-19 12:00:00+00:00,566054
2023-11-19 13:00:00+00:00,1383221
2023-11-19 14:00:00+00:00,644209
2023-11-19 15:00:00+00:00,409825
2023-11-19 16:00:00+00:00,318729
2023-11-19 17:00:00+00:00,224474
2023-11-19 18:00:00+00:00,488267
2023-11-19 19:00:00+00:00,466016
2023-11-19 20:00:00+00:00,942127
2023-11-19 21:00:00+00:00,866041
2023-11-19 22:00:00+00:00,311337
2023-11-19 23:00:00+00:00,193508
2023-11-20 00:00:00+00:00,350047
2023-11-20 01:00:00+00:00,138608
2023-11-20 02:00:00+00:00,178403
2023-11-20 03:00:00+00:00,264637
2023-11-20 04:00:00+00:00,1325266
2023-11-20 05:00:00+00:00,1352430
2023-11-20 06:00:00+00:00,713669
2023-11-20 07:00:00+00:00,708624
2023-11-20 08:00:00+00:00,863874
2023-11-20 09:00:00+00:00,817264
2023-11-20 10:00:00+00:00,701929
2023-11-20 11:00:00+00:00,774528
2023-11-20 12:00:00+00:00,395478
2023-11-20 13:00:00+00:00,289108
2023-11-20 14:00:00+00:00,288794
2023-11-20 15:00:00+00:00,516121
2023-11-20 16:00:00+00:00,289662
2023-11-20 17:00:00+00:00,224193
2023-11-20 18:00:00+00:00,1063452
2023-11-20 19:00:00+00:00,375848
2023-11-20 20:00:00+00:00,366494
2023-11-20 21:00:00+00:00,336489
2023-11-20 22:00:00+00:00,328527
2023-11-20 23:00:00+00:00,157922
2023-11-21 00:00:00+00:00,421555
2023-11-21 01:00:00+00:00,384063
2023-11-21 02:00:00+00:00,276951
2023-11-21 03:00:00+00:00,285198
2023-11-21 04:00:00+00:00,724782
2023-11-21 05:00:00+00:00,1273505
2023-11-21 06:00:00+00:00,1244823
2023-11-21 07:00:00+00:00,909918
2023-11-21 08:00:00+00:00,923492
2023-11-21 09:00:00+00:00,862576
2023-11-21 10:00:00+00:00,901067
2023-11-21 11:00:00+00:00,842159
2023-11-21 12:00:00+00:00,942670
2023-11-21 13:00:00+00:00,911814
2023-11-21 14:00:00+00:00,564652
2023-11-21 15:00:00+00:00,483503
2023-11-21 16:00:00+00:00,247512
2023-11-21 17:00:00+00:00,412737
2023-11-21 18:00:00+00:00,306062
2023-11-21 19:00:00+00:00,274578
2023-11-21 20:00:00+00:00,521196
2023-11-21 21:00:00+00:00,305014
2023-11-21 22:00:00+00:00,247632
2023-11-21 23:00:00+00:00,269562
2023-11-22 00:00:00+00:00,114248
2023-11-22 01:00:00+00:00,284145
2023-11-22 02:00:00+00:00,205196
2023-11-22 03:00:00+00:00,444599
2023-11-22 04:00:00+00:00,731281
2023-11-22 05:00:00+00:00,1341036
2023-11-22 06:00:00+00:00,900192
2023-11-22 07:00:00+00:00,1080203
2023-11-22 08:00:00+00:00,1114791
2023-11-22 09:00:00+00:00,760173
2023-11-22 10:00:00+00:00,1115508
2023-11-22 11:00:00+00:00,1136556
2023-11-22 12:00:00+00:00,978667
2023-11-22 13:00:00+00:00,1015900
2023-11-22 14:00:00+00:00,592327
2023-11-22 15:00:00+00:00,513352
2023-11-22 16:00:00+00:00,305163
2023-11-22 17:00:00+00:00,465367
2023-11-22 18:00:00+00:00,426641
2023-11-22 19:00:00+00:00,968160
2023-11-22 20:00:00+00:00,1192463
2023-11-22 21:00:00+00:00,850443
2023-11-22 22:00:00+00:00,289132
2023-11-22 23:00:00+00:00,132863
2023-11-23 00:00:00+00:00,182514
2023-11-23 01:00:00+00:00,196483
2023-11-23 02:00:00+00:00,261944
2023-11-23 03:00:00+00:00,199114
2023-11-23 04:00:00+00:00,714033
2023-11-23 05:00:00+00:00,1104683
2023-11-23 06:00:00+00:00,709204
2023-11-23 07:00:00+00:00,846839
2023-11-23 08:00:00+00:00,710633
2023-11-23 09:00:00+00:00,670890
2023-11-23 10:00:00+00:00,751535
2023-11-23 11:00:00+00:00,670679
2023-11-23 12:00:00+00:00,639733
2023-11-23 13:00:00+00:00,613269
2023-11-23 14:00:00+00:00,633044
2023-11-23 15:00:00+00:00,373910
2023-11-23 16:00:00+00:00,225655
2023-11-23 17:00:00+00:00,381218
2023-11-23 18:00:00+00:00,450078
2023-11-23 19:00:00+00:00,466180
2023-11-23 20:00:00+00:00,336787
2023-11-23 21:00:00+00:00,345302
2023-11-23 22:00:00+00:00,165497
2023-11-23 23:00:00+00:00,387430
2023-11-24 00:00:00+00:00,231103
2023-11-24 01:00:00+00:00,94289
2023-11-24 02:00:00+00:00,178003
2023-11-24 03:00:00+00:00,251309
2023-11-24 04:00:00+00:00,610136
2023-11-24 05:00:00+00:00,918522
2023-11-24 06:00:00+00:00,930661
2023-11-24 07:00:00+00:00,817620
2023-11-24 08:00:00+00:00,977399
2023-11-24 09:00:00+00:00,1362847
2023-11-24 10:00:00+00:00,1173356
2023-11-24 11:00:00+00:00,1684005
2023-11-24 12:00:00+00:00,1260806
2023-11-24 13:00:00+00:00,818241
2023-11-24 14:00:00+00:00,1243432
2023-11-24 15:00:00+00:00,858218
2023-11-24 16:00:00+00:00,854598
2023-11-24 17:00:00+00:00,585234
2023-11-24 18:00:00+00:00,368489
2023-11-24 19:00:00+00:00,400536
2023-11-24 20:00:00+00:00,300602
2023-11-24 21:00:00+00:00,703276
2023-11-24 22:00:00+00:00,530173
2023-11-24 23:00:00+00:00,526491
2023-11-25 00:00:00+00:00,339915
2023-11-25 01:00:00+00:00,194488
2023-11-25 02:00:00+00:00,119921
2023-11-25 03:00:00+00:00,162257
2023-11-25 04:00:00+00:00,264538
2023-11-25 05:00:00+00:00,212346
2023-11-25 06:00:00+00:00,216384
2023-11-25 07:00:00+00:00,168090
2023-11-25 08:00:00+00:00,218706
2023-11-25 09:00:00+00:00,348741
2023-11-25 10:00:00+00:00,689053
2023-11-25 11:00:00+00:00,1207250
2023-11-25 12:00:00+00:00,673640
2023-11-25 13:00:00+00:00,192173
2023-11-25 14:00:00+00:00,771526
2023-11-25 15:00:00+00:00,508019
2023-11-25 16:00:00+00:00,407861
2023-11-25 17:00:00+00:00,583194
2023-11-25 18:00:00+00:00,341134
2023-11-25 19:00:00+00:00,482709
2023-11-25 20:00:00+00:00,526554
2023-11-25 21:00:00+00:00,328958
2023-11-25 22:00:00+00:00,393068
2023-11-25 23:00:00+00:00,219621
2023-11-26 00:00:00+00:00,189672
2023-11-26 01:00:00+00:00,134907
2023-11-26 02:00:00+00:00,109912
2023-11-26 03:00:00+00:00,156620
2023-11-26 04:00:00+00:00,254190
2023-11-26 05:00:00+00:00,177771
2023-11-26 06:00:00+00:00,227190
2023-11-26 07:00:00+00:00,201980
2023-11-26 08:00:00+00:00,149616
2023-11-26 09:00:00+00:00,252680
2023-11-26 10:00:00+00:00,187678
2023-11-26 11:00:00+00:00,165797
2023-11-26 12:00:00+00:00,201919
2023-11-26 13:00:00+00:00,173282
2023-11-26 14:00:00+00:00,778162
2023-11-26 15:00:00+00:00,357156
2023-11-26 16:00:00+00:00,243141
2023-11-26 17:00:00+00:00,289606
2023-11-26 18:00:00+00:00,150048
2023-11-26 19:00:00+00:00,281939
2023-11-26 20:00:00+00:00,294916
2023-11-26 21:00:00+00:00,392595
2023-11-26 22:00:00+00:00,173822
2023-11-26 23:00:00+00:00,140016
2023-11-27 00:00:00+00:00,174482
2023-11-27 01:00:00+00:00,59074
2023-11-27 02:00:00+00:00,75540
2023-11-27 03:00:00+00:00,113845
2023-11-27 04:00:00+00:00,441483
2023-11-27 05:00:00+00:00,907555
2023-11-27 06:00:00+00:00,416890
2023-11-27 07:00:00+00:00,844850
2023-11-27 08:00:00+00:00,2590130
2023-11-27 09:00:00+00:00,946265
2023-11-27 10:00:00+00:00,1100576
2023-11-27 11:00:00+00:00,1966875
2023-11-27 12:00:00+00:00,1769021
2023-11-27 13:00:00+00:00,500375
2023-11-27 14:00:00+00:00,635224
2023-11-27 15:00:00+00:00,479135
2023-11-27 16:00:00+00:00,188004
2023-11-27 17:00:00+00:00,369544
2023-11-27 18:00:00+00:00,383891
2023-11-27 19:00:00+00:00,222450
2023-11-27 20:00:00+00:00,428285
2023-11-27 21:00:00+00:00,610725
2023-11-27 22:00:00+00:00,247648
2023-11-27 23:00:00+00:00,377218
2023-11-28 00:00:00+00:00,337197
2023-11-28 01:00:00+00:00,333028
2023-11-28 02:00:00+00:00,302193
2023-11-28 03:00:00+00:00,157199
2023-11-28 04:00:00+00:00,395517
2023-11-28 05:00:00+00:00,870857
2023-11-28 06:00:00+00:00,852917
2023-11-28 07:00:00+00:00,1957837
2023-11-28 08:00:00+00:00,1097564
2023-11-28 09:00:00+00:00,616522
2023-11-28 10:00:00+00:00,513452
2023-11-28 11:00:00+00:00,795660
2023-11-28 12:00:00+00:00,807501
2023-11-28 13:00:00+00:00,367673
2023-11-28 14:00:00+00:00,271173
2023-11-28 15:00:00+00:00,361631
2023-11-28 16:00:00+00:00,980688
2023-11-28 17:00:00+00:00,335086
2023-11-28 18:00:00+00:00,425549
2023-11-28 19:00:00+00:00,755062
2023-11-28 20:00:00+00:00,724727
2023-11-28 21:00:00+00:00,472679
2023-11-28 22:00:00+00:00,353807
2023-11-28 23:00:00+00:00,396806
2023-11-29 00:00:00+00:00,142849
2023-11-29 01:00:00+00:00,157387
2023-11-29 02:00:00+00:00,162474
2023-11-29 03:00:00+00:00,199357
2023-11-29 04:00:00+00:00,959970
2023-11-29 05:00:00+00:00,1372519
2023-11-29 06:00:00+00:00,1275615
2023-11-29 07:00:00+00:00,3066392
2023-11-29 08:00:00+00:00,2857496
2023-11-29 09:00:00+00:00,697340
2023-11-29 10:00:00+00:00,957437
2023-11-29 11:00:00+00:00,917469
2023-11-29 12:00:00+00:00,1434963
2023-11-29 13:00:00+00:00,520370
2023-11-29 14:00:00+00:00,488309
2023-11-29 15:00:00+00:00,215330
2023-11-29 16:00:00+00:00,272229
2023-11-29 17:00:00+00:00,1234187
2023-11-29 18:00:00+00:00,367624
2023-11-29 19:00:00+00:00,597969
2023-11-29 20:00:00+00:00,417923
2023-11-29 21:00:00+00:00,496053
2023-11-29 22:00:00+00:00,247266
2023-11-29 23:00:00+00:00,549740
2023-11-30 00:00:00+00:00,226199
2023-11-30 01:00:00+00:00,262458
2023-11-30 02:00:00+00:00,162494
2023-11-30 03:00:00+00:00,551283
2023-11-30 04:00:00+00:00,579627
2023-11-30 05:00:00+00:00,1181886
2023-11-30 06:00:00+00:00,970072
2023-11-30 07:00:00+00:00,878522
2023-11-30 08:00:00+00:00,737822
2023-11-30 09:00:00+00:00,2152026
2023-11-30 10:00:00+00:00,1090164
2023-11-30 11:00:00+00:00,958350
2023-11-30 12:00:00+00:00,1075624
2023-11-30 13:00:00+00:00,600749
2023-11-30 14:00:00+00:00,508512
2023-11-30 15:00:00+00:00,266733
2023-11-30 16:00:00+00:00,204759
2023-11-30 17:00:00+00:00,1538756
2023-11-30 18:00:00+00:00,362842
2023-11-30 19:00:00+00:00,265455
2023-11-30 20:00:00+00:00,136674
2023-11-30 21:00:00+00:00,439623
2023-11-30 22:00:00+00:00,169234
2023-11-30 23:00:00+00:00,383591
2023-12-01 00:00:00+00:00,115306
2023-12-01 01:00:00+00:00,133712
2023-12-01 02:00:00+00:00,116166
2023-12-01 03:00:00+00:00,169901
2023-12-01 04:00:00+00:00,605771
2023-12-01 05:00:00+00:00,1055604
2023-12-01 06:00:00+00:00,1243751
2023-12-01 07:00:00+00:00,910662
2023-12-01 08:00:00+00:00,790762
2023-12-01 09:00:00+00:00,1551547
2023-12-01 10:00:00+00:00,971832
2023-12-01 11:00:00+00:00,732781
2023-12-01 12:00:00+00:00,721319
2023-12-01 13:00:00+00:00,598587
2023-12-01 14:00:00+00:00,2903052
2023-12-01 15:00:00+00:00,2987443
2023-12-01 16:00:00+00:00,699059
2023-12-01 17:00:00+00:00,501465
2023-12-01 18:00:00+00:00,742807
2023-12-01 19:00:00+00:00,836323
2023-12-01 20:00:00+00:00,501973
2023-12-01 21:00:00+00:00,741424
2023-12-01 22:00:00+00:00,1020683
2023-12-01 23:00:00+00:00,751525
2023-12-02 00:00:00+00:00,572059
2023-12-02 01:00:00+00:00,219116
2023-12-02 02:00:00+00:00,275554
2023-12-02 03:00:00+00:00,346539
2023-12-02 04:00:00+00:00,413313
2023-12-02 05:00:00+00:00,1087254
2023-12-02 06:00:00+00:00,343909
2023-12-02 07:00:00+00:00,508944
2023-12-02 08:00:00+00:00,228126
2023-12-02 09:00:00+00:00,521716
2023-12-02 10:00:00+00:00,905096
2023-12-02 11:00:00+00:00,1198367
2023-12-02 12:00:00+00:00,781396
2023-12-02 13:00:00+00:00,591322
2023-12-02 14:00:00+00:00,410260
2023-12-02 15:00:00+00:00,1868665
2023-12-02 16:00:00+00:00,55230
2023-12-02 17:00:00+00:00,397373
2023-12-02 18:00:00+00:00,627399
2023-12-02 19:00:00+00:00,1074899
2023-12-02 20:00:00+00:00,762575
2023-12-02 21:00:00+00:00,376616
2023-12-02 22:00:00+00:00,224571
2023-12-02 23:00:00+00:00,107852
2023-12-03 00:00:00+00:00,157025
2023-12-03 01:00:00+00:00,371616
2023-12-03 02:00:00+00:00,78497
2023-12-03 03:00:00+00:00,130111
2023-12-03 04:00:00+00:00,170175
2023-12-03 05:00:00+00:00,197939
2023-12-03 06:00:00+00:00,242285
2023-12-03 07:00:00+00:00,239614
2023-12-03 08:00:00+00:00,375710
2023-12-03 09:00:00+00:00,822386
2023-12-03 10:00:00+00:00,683463
2023-12-03 11:00:00+00:00,294507
2023-12-03 12:00:00+00:00,453021
2023-12-03 13:00:00+00:00,469466
2023-12-03 14:00:00+00:00,846810
2023-12-03 15:00:00+00:00,1194227
2023-12-03 16:00:00+00:00,1816050
2023-12-03 17:00:00+00:00,470620
2023-12-03 18:00:00+00:00,427608
2023-12-03 19:00:00+00:00,389048
2023-12-03 20:00:00+00:00,345100
2023-12-03 21:00:00+00:00,350197
2023-12-03 22:00:00+00:00,474845
2023-12-03 23:00:00+00:00,409338
2023-12-04 00:00:00+00:00,411869
2023-12-04 01:00:00+00:00,184235
2023-12-04 02:00:00+00:00,169278
2023-12-04 03:00:00+00:00,454062
2023-12-04 04:00:00+00:00,933219
2023-12-04 05:00:00+00:00,1362527
2023-12-04 06:00:00+00:00,1598355
2023-12-04 07:00:00+00:00,751268
2023-12-04 08:00:00+00:00,1101194
2023-12-04 09:00:00+00:00,1106140
2023-12-04 10:00:00+00:00,902131
2023-12-04 11:00:00+00:00,701380
2023-12-04 12:00:00+00:00,308111
2023-12-04 13:00:00+00:00,429054
2023-12-04 14:00:00+00:00,330312
2023-12-04 15:00:00+00:00,384495
2023-12-04 16:00:00+00:00,188356
2023-12-04 17:00:00+00:00,101302
2023-12-04 18:00:00+00:00,318494
2023-12-04 19:00:00+00:00,474148
2023-12-04 20:00:00+00:00,278341
2023-12-04 21:00:00+00:00,477118
2023-12-04 22:00:00+00:00,147352
2023-12-04 23:00:00+00:00,145053
2023-12-05 00:00:00+00:00,172503
2023-12-05 01:00:00+00:00,224897
2023-12-05 02:00:00+00:00,780500
2023-12-05 03:00:00+00:00,225705
2023-12-05 04:00:00+00:00,622149
2023-12-05 05:00:00+00:00,1054935
2023-12-05 06:00:00+00:00,673461
2023-12-05 07:00:00+00:00,458763
2023-12-05 08:00:00+00:00,752631
2023-12-05 09:00:00+00:00,513918
2023-12-05 10:00:00+00:00,632171
2023-12-05 11:00:00+00:00,723284
2023-12-05 12:00:00+00:00,537670
2023-12-05 13:00:00+00:00,293512
2023-12-05 14:00:00+00:00,366597
2023-12-05 15:00:00+00:00,267083
2023-12-05 16:00:00+00:00,289969
2023-12-05 17:00:00+00:00,314742
2023-12-05 18:00:00+00:00,418272
2023-12-05 19:00:00+00:00,455894
2023-12-05 20:00:00+00:00,874458
2023-12-05 21:00:00+00:00,888716
2023-12-05 22:00:00+00:00,299958
2023-12-05 23:00:00+00:00,85032
2023-12-06 00:00:00+00:00,108686
2023-12-06 01:00:00+00:00,103489
2023-12-06 02:00:00+00:00,144566
2023-12-06 03:00:00+00:00,243374
2023-12-06 04:00:00+00:00,523822
2023-12-06 05:00:00+00:00,1156541
2023-12-06 06:00:00+00:00,387421
2023-12-06 07:00:00+00:00,710484
2023-12-06 08:00:00+00:00,647157
2023-12-06 09:00:00+00:00,564742
2023-12-06 10:00:00+00:00,696229
2023-12-06 11:00:00+00:00,1304160
2023-12-06 12:00:00+00:00,799777
2023-12-06 13:00:00+00:00,526184
2023-12-06 14:00:00+00:00,2220597
2023-12-06 15:00:00+00:00,2075754
2023-12-06 16:00:00+00:00,240090
2023-12-06 17:00:00+00:00,430687
2023-12-06 18:00:00+00:00,231581
2023-12-06 19:00:00+00:00,279398
2023-12-06 20:00:00+00:00,432887
2023-12-06 21:00:00+00:00,323411
2023-12-06 22:00:00+00:00,820206
2023-12-06 23:00:00+00:00,396906
2023-12-07 00:00:00+00:00,182237
2023-12-07 01:00:00+00:00,183166
2023-12-07 02:00:00+00:00,95612
2023-12-07 03:00:00+00:00,181317
2023-12-07 04:00:00+00:00,641348
2023-12-07 05:00:00+00:00,831839
2023-12-07 06:00:00+00:00,503070
2023-12-07 07:00:00+00:00,726952
2023-12-07 08:00:00+00:00,866021
2023-12-07 09:00:00+00:00,1024739
2023-12-07 10:00:00+00:00,811146
2023-12-07 11:00:00+00:00,716930
2023-12-07 12:00:00+00:00,534566
2023-12-07 13:00:00+00:00,764693
2023-12-07 14:00:00+00:00,703197
2023-12-07 15:00:00+00:00,345583
2023-12-07 16:00:00+00:00,378797
2023-12-07 17:00:00+00:00,223938
2023-12-07 18:00:00+00:00,258157
2023-12-07 19:00:00+00:00,226408
2023-12-07 20:00:00+00:00,193598
2023-12-07 21:00:00+00:00,337739
2023-12-07 22:00:00+00:00,165240
2023-12-07 23:00:00+00:00,271549
2023-12-08 00:00:00+00:00,516404
2023-12-08 01:00:00+00:00,122106
2023-12-08 02:00:00+00:00,116011
2023-12-08 03:00:00+00:00,241135
2023-12-08 04:00:00+00:00,869372
2023-12-08 05:00:00+00:00,1258898
2023-12-08 06:00:00+00:00,878813
2023-12-08 07:00:00+00:00,748631
2023-12-08 08:00:00+00:00,560715
2023-12-08 09:00:00+00:00,899432
2023-12-08 10:00:00+00:00,880872
2023-12-08 11:00:00+00:00,1606160
2023-12-08 12:00:00+00:00,1158661
2023-12-08 13:00:00+00:00,353245
2023-12-08 14:00:00+00:00,724426
2023-12-08 15:00:00+00:00,662060
2023-12-08 16:00:00+00:00,356617
2023-12-08 17:00:00+00:00,591855
2023-12-08 18:00:00+00:00,378616
2023-12-08 19:00:00+00:00,799707
2023-12-08 20:00:00+00:00,735846
2023-12-08 21:00:00+00:00,864876
2023-12-08 22:00:00+00:00,232541
2023-12-08 23:00:00+00:00,215526
2023-12-09 00:00:00+00:00,739314
2023-12-09 01:00:00+00:00,555950
2023-12-09 02:00:00+00:00,259409
2023-12-09 03:00:00+00:00,259463
2023-12-09 04:00:00+00:00,321719
2023-12-09 05:00:00+00:00,392879
2023-12-09 06:00:00+00:00,335367
2023-12-09 07:00:00+00:00,366598
2023-12-09 08:00:00+00:00,429804
2023-12-09 09:00:00+00:00,720172
2023-12-09 10:00:00+00:00,1342434
2023-12-09 11:00:00+00:00,1088648
2023-12-09 12:00:00+00:00,1222182
2023-12-09 13:00:00+00:00,1170392
2023-12-09 14:00:00+00:00,1030973
2023-12-09 15:00:00+00:00,473151
2023-12-09 16:00:00+00:00,2782397
2023-12-09 17:00:00+00:00,2418447
2023-12-09 18:00:00+00:00,450352
2023-12-09 19:00:00+00:00,776739
2023-12-09 20:00:00+00:00,669988
2023-12-09 21:00:00+00:00,633490
2023-12-09 22:00:00+00:00,404207
2023-12-09 23:00:00+00:00,313712
2023-12-10 00:00:00+00:00,652705
2023-12-10 01:00:00+00:00,271003
2023-12-10 02:00:00+00:00,370806
2023-12-10 03:00:00+00:00,220641
2023-12-10 04:00:00+00:00,297228
2023-12-10 05:00:00+00:00,341236
2023-12-10 06:00:00+00:00,451295
2023-12-10 07:00:00+00:00,301418
2023-12-10 08:00:00+00:00,193462
2023-12-10 09:00:00+00:00,257579
2023-12-10 10:00:00+00:00,619259
2023-12-10 11:00:00+00:00,2085901
2023-12-10 12:00:00+00:00,548347
2023-12-10 13:00:00+00:00,200280
2023-12-10 14:00:00+00:00,226731
2023-12-10 15:00:00+00:00,238838
2023-12-10 16:00:00+00:00,540249
2023-12-10 17:00:00+00:00,460849
2023-12-10 18:00:00+00:00,473519
2023-12-10 19:00:00+00:00,605348
2023-12-10 20:00:00+00:00,500382
2023-12-10 21:00:00+00:00,626313
2023-12-10 22:00:00+00:00,900427
2023-12-10 23:00:00+00:00,934248
2023-12-11 00:00:00+00:00,413817
2023-12-11 01:00:00+00:00,261741
2023-12-11 02:00:00+00:00,342245
2023-12-11 03:00:00+00:00,426682
2023-12-11 04:00:00+00:00,1233192
2023-12-11 05:00:00+00:00,1093101
2023-12-11 06:00:00+00:00,716338
2023-12-11 07:00:00+00:00,893780
2023-12-11 08:00:00+00:00,740307
2023-12-11 09:00:00+00:00,1018054
2023-12-11 10:00:00+00:00,674299
2023-12-11 11:00:00+00:00,870476
2023-12-11 12:00:00+00:00,583029
2023-12-11 13:00:00+00:00,421349
2023-12-11 14:00:00+00:00,667393
2023-12-11 15:00:00+00:00,264181
2023-12-11 16:00:00+00:00,254723
2023-12-11 17:00:00+00:00,392135
2023-12-11 18:00:00+00:00,454635
2023-12-11 19:00:00+00:00,472351
2023-12-11 20:00:00+00:00,299074
2023-12-11 21:00:00+00:00,352760
2023-12-11 22:00:00+00:00,266776
2023-12-11 23:00:00+00:00,204666
2023-12-12 00:00:00+00:00,322620
2023-12-12 01:00:00+00:00,341363
2023-12-12 02:00:00+00:00,428189
2023-12-12 03:00:00+00:00,259295
2023-12-12 04:00:00+00:00,1036756
2023-12-12 05:00:00+00:00,1248822
2023-12-12 06:00:00+00:00,1702672
2023-12-12 07:00:00+00:00,1001804
2023-12-12 08:00:00+00:00,1013334
2023-12-12 09:00:00+00:00,877264
2023-12-12 10:00:00+00:00,808729
2023-12-12 11:00:00+00:00,935722
2023-12-12 12:00:00+00:00,1322315
2023-12-12 13:00:00+00:00,829017
2023-12-12 14:00:00+00:00,587457
2023-12-12 15:00:00+00:00,807073
2023-12-12 16:00:00+00:00,568868
2023-12-12 17:00:00+00:00,873788
2023-12-12 18:00:00+00:00,669125
2023-12-12 19:00:00+00:00,523324
2023-12-12 20:00:00+00:00,827897
2023-12-12 21:00:00+00:00,626556
2023-12-12 22:00:00+00:00,685880
2023-12-12 23:00:00+00:00,517401
2023-12-13 00:00:00+00:00,719922
2023-12-13 01:00:00+00:00,437314
2023-12-13 02:00:00+00:00,621621
2023-12-13 03:00:00+00:00,675670
2023-12-13 04:00:00+00:00,1519912
2023-12-13 05:00:00+00:00,2673142
2023-12-13 06:00:00+00:00,1025169
2023-12-13 07:00:00+00:00,1853708
2023-12-13 08:00:00+00:00,910134
2023-12-13 09:00:00+00:00,782593
2023-12-13 10:00:00+00:00,1029878
2023-12-13 11:00:00+00:00,1370560
2023-12-13 12:00:00+00:00,1528440
2023-12-13 13:00:00+00:00,1915051
2023-12-13 14:00:00+00:00,443215
2023-12-13 15:00:00+00:00,963014
2023-12-13 16:00:00+00:00,858850
2023-12-13 17:00:00+00:00,723249
2023-12-13 18:00:00+00:00,600897
2023-12-13 19:00:00+00:00,876646
2023-12-13 20:00:00+00:00,616544
2023-12-13 21:00:00+00:00,353911
2023-12-13 22:00:00+00:00,1209423
2023-12-13 23:00:00+00:00,584520
2023-12-14 00:00:00+00:00,297626
2023-12-14 01:00:00+00:00,300740
2023-12-14 02:00:00+00:00,404374
2023-12-14 03:00:00+00:00,797564
2023-12-14 04:00:00+00:00,931833
2023-12-14 05:00:00+00:00,1466179
2023-12-14 06:00:00+00:00,787120
2023-12-14 07:00:00+00:00,786553
2023-12-14 08:00:00+00:00,1172867
2023-12-14 09:00:00+00:00,841751
2023-12-14 10:00:00+00:00,854277
2023-12-14 11:00:00+00:00,929218
2023-12-14 12:00:00+00:00,747742
2023-12-14 13:00:00+00:00,428608
2023-12-14 14:00:00+00:00,260910
2023-12-14 15:00:00+00:00,1520508
2023-12-14 16:00:00+00:00,590019
2023-12-14 17:00:00+00:00,350091
2023-12-14 18:00:00+00:00,464219
2023-12-14 19:00:00+00:00,350211
2023-12-14 20:00:00+00:00,601686
2023-12-14 21:00:00+00:00,1654048
2023-12-14 22:00:00+00:00,488328
2023-12-14 23:00:00+00:00,393026
2023-12-15 00:00:00+00:00,320954
2023-12-15 01:00:00+00:00,246805
2023-12-15 02:00:00+00:00,223675
2023-12-15 03:00:00+00:00,229700
2023-12-15 04:00:00+00:00,605401
2023-12-15 05:00:00+00:00,797897
2023-12-15 06:00:00+00:00,667801
2023-12-15 07:00:00+00:00,1417699
2023-12-15 08:00:00+00:00,900655
2023-12-15 09:00:00+00:00,725646
2023-12-15 10:00:00+00:00,1220688
2023-12-15 11:00:00+00:00,1262706
2023-12-15 12:00:00+00:00,547518
2023-12-15 13:00:00+00:00,365487
2023-12-15 14:00:00+00:00,384045
2023-12-15 15:00:00+00:00,274918
2023-12-15 16:00:00+00:00,311422
2023-12-15 17:00:00+00:00,349176
2023-12-15 18:00:00+00:00,649439
2023-12-15 19:00:00+00:00,559296
2023-12-15 20:00:00+00:00,677724
2023-12-15 21:00:00+00:00,1182678
2023-12-15 22:00:00+00:00,562008
2023-12-15 23:00:00+00:00,108981
2023-12-16 00:00:00+00:00,133856
2023-12-16 01:00:00+00:00,177546
2023-12-16 02:00:00+00:00,244202
2023-12-16 03:00:00+00:00,138625
2023-12-16 04:00:00+00:00,249571
2023-12-16 05:00:00+00:00,338031
2023-12-16 06:00:00+00:00,593265
2023-12-16 07:00:00+00:00,656142
2023-12-16 08:00:00+00:00,392349
2023-12-16 09:00:00+00:00,588227
2023-12-16 10:00:00+00:00,621227
2023-12-16 11:00:00+00:00,680256
2023-12-16 12:00:00+00:00,986419
2023-12-16 13:00:00+00:00,1415185
2023-12-16 14:00:00+00:00,691635
2023-12-16 15:00:00+00:00,318393
2023-12-16 16:00:00+00:00,287453
2023-12-16 17:00:00+00:00,304682
2023-12-16 18:00:00+00:00,911216
2023-12-16 19:00:00+00:00,734089
2023-12-16 20:00:00+00:00,829437
2023-12-16 21:00:00+00:00,289124
2023-12-16 22:00:00+00:00,486751
2023-12-16 23:00:00+00:00,298771
2023-12-17 00:00:00+00:00,274730
2023-12-17 01:00:00+00:00,347548
2023-12-17 02:00:00+00:00,336682
2023-12-17 03:00:00+00:00,267550
2023-12-17 04:00:00+00:00,231743
2023-12-17 05:00:00+00:00,229873
2023-12-17 06:00:00+00:00,327065
2023-12-17 07:00:00+00:00,193670
2023-12-17 08:00:00+00:00,177887
2023-12-17 09:00:00+00:00,415040
2023-12-17 10:00:00+00:00,339604
2023-12-17 11:00:00+00:00,531590
2023-12-17 12:00:00+00:00,1151642
2023-12-17 13:00:00+00:00,818569
2023-12-17 14:00:00+00:00,652301
2023-12-17 15:00:00+00:00,351927
2023-12-17 16:00:00+00:00,315397
2023-12-17 17:00:00+00:00,314041
2023-12-17 18:00:00+00:00,952158
2023-12-17 19:00:00+00:00,481517
2023-12-17 20:00:00+00:00,304788
2023-12-17 21:00:00+00:00,418415
2023-12-17 22:00:00+00:00,336001
2023-12-17 23:00:00+00:00,498863
2023-12-18 00:00:00+00:00,114371
2023-12-18 01:00:00+00:00,121284
2023-12-18 02:00:00+00:00,246032
2023-12-18 03:00:00+00:00,343087
2023-12-18 04:00:00+00:00,848242
2023-12-18 05:00:00+00:00,1496978
2023-12-18 06:00:00+00:00,1300436
2023-12-18 07:00:00+00:00,2701617
2023-12-18 08:00:00+00:00,792911
2023-12-18 09:00:00+00:00,550278
2023-12-18 10:00:00+00:00,1035376
2023-12-18 11:00:00+00:00,842459
2023-12-18 12:00:00+00:00,1049664
2023-12-18 13:00:00+00:00,709759
2023-12-18 14:00:00+00:00,714660
2023-12-18 15:00:00+00:00,339254
2023-12-18 16:00:00+00:00,332457
2023-12-18 17:00:00+00:00,576081
2023-12-18 18:00:00+00:00,495889
2023-12-18 19:00:00+00:00,398538
2023-12-18 20:00:00+00:00,247368
2023-12-18 21:00:00+00:00,297371
2023-12-18 22:00:00+00:00,406828
2023-12-18 23:00:00+00:00,171731
2023-12-19 00:00:00+00:00,325405
2023-12-19 01:00:00+00:00,853050
2023-12-19 02:00:00+00:00,171986
2023-12-19 03:00:00+00:00,282978
2023-12-19 04:00:00+00:00,477349
2023-12-19 05:00:00+00:00,717400
2023-12-19 06:00:00+00:00,889456
2023-12-19 07:00:00+00:00,1272134
2023-12-19 08:00:00+00:00,1034318
2023-12-19 09:00:00+00:00,1012994
2023-12-19 10:00:00+00:00,756963
2023-12-19 11:00:00+00:00,1109291
2023-12-19 12:00:00+00:00,880851
2023-12-19 13:00:00+00:00,676460
2023-12-19 14:00:00+00:00,522337
2023-12-19 15:00:00+00:00,223931
2023-12-19 16:00:00+00:00,179553
2023-12-19 17:00:00+00:00,271325
2023-12-19 18:00:00+00:00,572557
2023-12-19 19:00:00+00:00,2023175
2023-12-19 20:00:00+00:00,1434507
2023-12-19 21:00:00+00:00,780335
2023-12-19 22:00:00+00:00,556701
2023-12-19 23:00:00+00:00,616276
2023-12-20 00:00:00+00:00,372555
2023-12-20 01:00:00+00:00,213768
2023-12-20 02:00:00+00:00,219889
2023-12-20 03:00:00+00:00,246244
2023-12-20 04:00:00+00:00,534198
2023-12-20 05:00:00+00:00,1175668
2023-12-20 06:00:00+00:00,915352
2023-12-20 07:00:00+00:00,1456977
2023-12-20 08:00:00+00:00,721886
2023-12-20 09:00:00+00:00,1989275
2023-12-20 10:00:00+00:00,1413264
2023-12-20 11:00:00+00:00,537303
2023-12-20 12:00:00+00:00,1503098
2023-12-20 13:00:00+00:00,535957
2023-12-20 14:00:00+00:00,438467
2023-12-20 15:00:00+00:00,1423831
2023-12-20 16:00:00+00:00,1119171
2023-12-20 17:00:00+00:00,1361685
2023-12-20 18:00:00+00:00,266203
2023-12-20 19:00:00+00:00,328183
2023-12-20 20:00:00+00:00,1609727
2023-12-20 21:00:00+00:00,796282
2023-12-20 22:00:00+00:00,370464
2023-12-20 23:00:00+00:00,261108
2023-12-21 00:00:00+00:00,162410
2023-12-21 01:00:00+00:00,195040
2023-12-21 02:00:00+00:00,167100
2023-12-21 03:00:00+00:00,240669
2023-12-21 04:00:00+00:00,516417
2023-12-21 05:00:00+00:00,861683
2023-12-21 06:00:00+00:00,920244
2023-12-21 07:00:00+00:00,736161
2023-12-21 08:00:00+00:00,572120
2023-12-21 09:00:00+00:00,825158
2023-12-21 10:00:00+00:00,770159
2023-12-21 11:00:00+00:00,1000384
2023-12-21 12:00:00+00:00,694309
2023-12-21 13:00:00+00:00,346951
2023-12-21 14:00:00+00:00,749836
2023-12-21 15:00:00+00:00,789209
2023-12-21 16:00:00+00:00,506979
2023-12-21 17:00:00+00:00,407065
2023-12-21 18:00:00+00:00,777040
2023-12-21 19:00:00+00:00,919702
2023-12-21 20:00:00+00:00,660294
2023-12-21 21:00:00+00:00,368854
2023-12-21 22:00:00+00:00,118583
2023-12-21 23:00:00+00:00,235245
2023-12-22 00:00:00+00:00,159273
2023-12-22 01:00:00+00:00,107515
2023-12-22 02:00:00+00:00,121784
2023-12-22 03:00:00+00:00,280254
2023-12-22 04:00:00+00:00,523318
2023-12-22 05:00:00+00:00,651990
2023-12-22 06:00:00+00:00,865600
2023-12-22 07:00:00+00:00,873386
2023-12-22 08:00:00+00:00,709950
2023-12-22 09:00:00+00:00,1013106
2023-12-22 10:00:00+00:00,347931
2023-12-22 11:00:00+00:00,687144
2023-12-22 12:00:00+00:00,759179
2023-12-22 13:00:00+00:00,503010
2023-12-22 14:00:00+00:00,1043354
2023-12-22 15:00:00+00:00,596480
2023-12-22 16:00:00+00:00,306849
2023-12-22 17:00:00+00:00,394048
2023-12-22 18:00:00+00:00,816013
2023-12-22 19:00:00+00:00,1069759
2023-12-22 20:00:00+00:00,803856
2023-12-22 21:00:00+00:00,571141
2023-12-22 22:00:00+00:00,837705
2023-12-22 23:00:00+00:00,241191
2023-12-23 00:00:00+00:00,186005
2023-12-23 01:00:00+00:00,56187
2023-12-23 02:00:00+00:00,117713
2023-12-23 03:00:00+00:00,144883
2023-12-23 04:00:00+00:00,104410
2023-12-23 05:00:00+00:00,321244
2023-12-23 06:00:00+00:00,325793
2023-12-23 07:00:00+00:00,414195
2023-12-23 08:00:00+00:00,399771
2023-12-23 09:00:00+00:00,400770
2023-12-23 10:00:00+00:00,521932
2023-12-23 11:00:00+00:00,733821
2023-12-23 12:00:00+00:00,641279
2023-12-23 13:00:00+00:00,2503892
2023-12-23 14:00:00+00:00,3007425
2023-12-23 15:00:00+00:00,3988031
2023-12-23 16:00:00+00:00,2297268
2023-12-23 17:00:00+00:00,843985
2023-12-23 18:00:00+00:00,474564
2023-12-23 19:00:00+00:00,448483
2023-12-23 20:00:00+00:00,479442
2023-12-23 21:00:00+00:00,871927
2023-12-23 22:00:00+00:00,517041
2023-12-23 23:00:00+00:00,280191
2023-12-24 00:00:00+00:00,375886
2023-12-24 01:00:00+00:00,195103
2023-12-24 02:00:00+00:00,161593
2023-12-24 03:00:00+00:00,125564
2023-12-24 04:00:00+00:00,353473
2023-12-24 05:00:00+00:00,421442
2023-12-24 06:00:00+00:00,556600
2023-12-24 07:00:00+00:00,713977
2023-12-24 08:00:00+00:00,924461
2023-12-24 09:00:00+00:00,385260
2023-12-24 10:00:00+00:00,832741
2023-12-24 11:00:00+00:00,850602
2023-12-24 12:00:00+00:00,2650282
2023-12-24 13:00:00+00:00,843374
2023-12-24 14:00:00+00:00,609446
2023-12-24 15:00:00+00:00,531336
2023-12-24 16:00:00+00:00,588520
2023-12-24 17:00:00+00:00,430861
2023-12-24 18:00:00+00:00,508693
2023-12-24 19:00:00+00:00,736016
2023-12-24 20:00:00+00:00,1155625
2023-12-24 21:00:00+00:00,650388
2023-12-24 22:00:00+00:00,979780
2023-12-24 23:00:00+00:00,576296
2023-12-25 00:00:00+00:00,621311
2023-12-25 01:00:00+00:00,379320
2023-12-25 02:00:00+00:00,688136
2023-12-25 03:00:00+00:00,481003
2023-12-25 04:00:00+00:00,731169
2023-12-25 05:00:00+00:00,290952
2023-12-25 06:00:00+00:00,571651
2023-12-25 07:00:00+00:00,501221
2023-12-25 08:00:00+00:00,664815
2023-12-25 09:00:00+00:00,1861002
2023-12-25 10:00:00+00:00,1130200
2023-12-25 11:00:00+00:00,2298829
2023-12-25 12:00:00+00:00,791845
2023-12-25 13:00:00+00:00,868259
2023-12-25 14:00:00+00:00,821372
2023-12-25 15:00:00+00:00,441726
2023-12-25 16:00:00+00:00,811234
2023-12-25 17:00:00+00:00,1111121
2023-12-25 18:00:00+00:00,808380
2023-12-25 19:00:00+00:00,1095015
2023-12-25 20:00:00+00:00,736016
2023-12-25 21:00:00+00:00,1423038
2023-12-25 22:00:00+00:00,787219
2023-12-25 23:00:00+00:00,555729
2023-12-26 00:00:00+00:00,283365
2023-12-26 01:00:00+00:00,306034
2023-12-26 02:00:00+00:00,145189
2023-12-26 03:00:00+00:00,206233
2023-12-26 04:00:00+00:00,415246
2023-12-26 05:00:00+00:00,430877
2023-12-26 06:00:00+00:00,526192
2023-12-26 07:00:00+00:00,378292
2023-12-26 08:00:00+00:00,556181
2023-12-26 09:00:00+00:00,685872
2023-12-26 10:00:00+00:00,656014
2023-12-26 11:00:00+00:00,670563
2023-12-26 12:00:00+00:00,2337217
2023-12-26 13:00:00+00:00,637000
2023-12-26 14:00:00+00:00,376488
2023-12-26 15:00:00+00:00,397813
2023-12-26 16:00:00+00:00,464677
2023-12-26 17:00:00+00:00,443206
2023-12-26 18:00:00+00:00,737551
2023-12-26 19:00:00+00:00,888316
2023-12-26 20:00:00+00:00,959681
2023-12-26 21:00:00+00:00,810337
2023-12-26 22:00:00+00:00,1068675
2023-12-26 23:00:00+00:00,166615
2023-12-27 00:00:00+00:00,100975
2023-12-27 01:00:00+00:00,112343
2023-12-27 02:00:00+00:00,207641
2023-12-27 03:00:00+00:00,372684
2023-12-27 04:00:00+00:00,384218
2023-12-27 05:00:00+00:00,799682
2023-12-27 06:00:00+00:00,610101
2023-12-27 07:00:00+00:00,885442
2023-12-27 08:00:00+00:00,860926
2023-12-27 09:00:00+00:00,833210
2023-12-27 10:00:00+00:00,1131046
2023-12-27 11:00:00+00:00,793105
2023-12-27 12:00:00+00:00,1050314
2023-12-27 13:00:00+00:00,937968
2023-12-27 14:00:00+00:00,457515
2023-12-27 15:00:00+00:00,1902684
2023-12-27 16:00:00+00:00,96068
2023-12-27 17:00:00+00:00,118132
2023-12-27 18:00:00+00:00,263586
2023-12-27 19:00:00+00:00,486285
2023-12-27 20:00:00+00:00,191268
2023-12-27 21:00:00+00:00,238044
2023-12-27 22:00:00+00:00,258291
2023-12-27 23:00:00+00:00,563315
2023-12-28 00:00:00+00:00,104265
2023-12-28 01:00:00+00:00,76272
2023-12-28 02:00:00+00:00,47730
2023-12-28 03:00:00+00:00,172194
2023-12-28 04:00:00+00:00,344335
2023-12-28 05:00:00+00:00,674842
2023-12-28 06:00:00+00:00,742553
2023-12-28 07:00:00+00:00,2214356
2023-12-28 08:00:00+00:00,2466049
2023-12-28 09:00:00+00:00,444327
2023-12-28 10:00:00+00:00,715163
2023-12-28 11:00:00+00:00,872970
2023-12-28 12:00:00+00:00,607987
2023-12-28 13:00:00+00:00,743142
2023-12-28 14:00:00+00:00,777085
2023-12-28 15:00:00+00:00,244130
2023-12-28 16:00:00+00:00,359980
2023-12-28 17:00:00+00:00,471802
2023-12-28 18:00:00+00:00,823403
2023-12-28 19:00:00+00:00,1291766
2023-12-28 20:00:00+00:00,824757
2023-12-28 21:00:00+00:00,544470
2023-12-28 22:00:00+00:00,375757
2023-12-28 23:00:00+00:00,222230
2023-12-29 00:00:00+00:00,101462
2023-12-29 01:00:00+00:00,94185
2023-12-29 02:00:00+00:00,119314
2023-12-29 03:00:00+00:00,192757
2023-12-29 04:00:00+00:00,286413
2023-12-29 05:00:00+00:00,896757
2023-12-29 06:00:00+00:00,850331
2023-12-29 07:00:00+00:00,1217094
2023-12-29 08:00:00+00:00,1259288
2023-12-29 09:00:00+00:00,2520367
2023-12-29 10:00:00+00:00,469033
2023-12-29 11:00:00+00:00,290844
2023-12-29 12:00:00+00:00,333109
2023-12-29 13:00:00+00:00,390889
2023-12-29 14:00:00+00:00,389260
2023-12-29 15:00:00+00:00,396759
2023-12-29 16:00:00+00:00,320353
2023-12-29 17:00:00+00:00,793304
2023-12-29 18:00:00+00:00,407699
2023-12-29 19:00:00+00:00,450523
2023-12-29 20:00:00+00:00,846040
2023-12-29 21:00:00+00:00,414960
2023-12-29 22:00:00+00:00,528890
2023-12-29 23:00:00+00:00,407345
2023-12-30 00:00:00+00:00,387687
2023-12-30 01:00:00+00:00,411268
2023-12-30 02:00:00+00:00,191268
2023-12-30 03:00:00+00:00,91346
2023-12-30 04:00:00+00:00,244876
2023-12-30 05:00:00+00:00,288769
2023-12-30 06:00:00+00:00,243632
2023-12-30 07:00:00+00:00,203770
2023-12-30 08:00:00+00:00,415494
2023-12-30 09:00:00+00:00,514843
2023-12-30 10:00:00+00:00,322873
2023-12-30 11:00:00+00:00,295352
2023-12-30 12:00:00+00:00,1275115
2023-12-30 13:00:00+00:00,1063405
2023-12-30 14:00:00+00:00,359012
2023-12-30 15:00:00+00:00,531711
2023-12-30 16:00:00+00:00,508617
2023-12-30 17:00:00+00:00,571695
2023-12-30 18:00:00+00:00,704893
2023-12-30 19:00:00+00:00,824972
2023-12-30 20:00:00+00:00,706718
2023-12-30 21:00:00+00:00,459661
2023-12-30 22:00:00+00:00,854348
2023-12-30 23:00:00+00:00,246019
2023-12-31 00:00:00+00:00,151922
2023-12-31 01:00:00+00:00,128691
2023-12-31 02:00:00+00:00,108180
2023-12-31 03:00:00+00:00,152003
2023-12-31 04:00:00+00:00,155269
2023-12-31 05:00:00+00:00,297475
2023-12-31 06:00:00+00:00,457095
2023-12-31 07:00:00+00:00,289451
2023-12-31 08:00:00+00:00,235508
2023-12-31 09:00:00+00:00,164286
2023-12-31 10:00:00+00:00,545426
2023-12-31 11:00:00+00:00,753603
2023-12-31 12:00:00+00:00,691547
2023-12-31 13:00:00+00:00,760359
2023-12-31 14:00:00+00:00,1271821
2023-12-31 15:00:00+00:00,710967
2023-12-31 16:00:00+00:00,787938
2023-12-31 17:00:00+00:00,748290
2023-12-31 18:00:00+00:00,872926
2023-12-31 19:00:00+00:00,1240206
2023-12-31 20:00:00+00:00,1158963
2023-12-31 21:00:00+00:00,1099408
2023-12-31 22:00:00+00:00,829592
2023-12-31 23:00:00+00:00,689093
2024-01-01 00:00:00+00:00,317812
2024-01-01 01:00:00+00:00,95663
2024-01-01 02:00:00+00:00,132278
2024-01-01 03:00:00+00:00,277224
2024-01-01 04:00:00+00:00,344884
2024-01-01 05:00:00+00:00,268752
2024-01-01 06:00:00+00:00,143987
2024-01-01 07:00:00+00:00,198359
2024-01-01 08:00:00+00:00,399223
2024-01-01 09:00:00+00:00,323727
2024-01-01 10:00:00+00:00,250926
2024-01-01 11:00:00+00:00,468004
2024-01-01 12:00:00+00:00,421837
2024-01-01 13:00:00+00:00,510866
2024-01-01 14:00:00+00:00,429113
2024-01-01 15:00:00+00:00,751836
2024-01-01 16:00:00+00:00,229542
2024-01-01 17:00:00+00:00,348345
2024-01-01 18:00:00+00:00,552257
2024-01-01 19:00:00+00:00,607684
2024-01-01 20:00:00+00:00,1514318
2024-01-01 21:00:00+00:00,383602
2024-01-01 22:00:00+00:00,135194
2024-01-01 23:00:00+00:00,124061
2024-01-02 00:00:00+00:00,141216
2024-01-02 01:00:00+00:00,245600
2024-01-02 02:00:00+00:00,112931
2024-01-02 03:00:00+00:00,164009
2024-01-02 04:00:00+00:00,505597
2024-01-02 05:00:00+00:00,947668
2024-01-02 06:00:00+00:00,587253
2024-01-02 07:00:00+00:00,584373
2024-01-02 08:00:00+00:00,565858
2024-01-02 09:00:00+00:00,651834
2024-01-02 10:00:00+00:00,702659
2024-01-02 11:00:00+00:00,723654
2024-01-02 12:00:00+00:00,569336
2024-01-02 13:00:00+00:00,367836
2024-01-02 14:00:00+00:00,308438
2024-01-02 15:00:00+00:00,225794
2024-01-02 16:00:00+00:00,173301
2024-01-02 17:00:00+00:00,75507
2024-01-02 18:00:00+00:00,223279
2024-01-02 19:00:00+00:00,667163
2024-01-02 20:00:00+00:00,231344
2024-01-02 21:00:00+00:00,320595
2024-01-02 22:00:00+00:00,95832
2024-01-02 23:00:00+00:00,117296
2024-01-03 00:00:00+00:00,136455
2024-01-03 01:00:00+00:00,109492
2024-01-03 02:00:00+00:00,145107
2024-01-03 03:00:00+00:00,136816
2024-01-03 04:00:00+00:00,460108
2024-01-03 05:00:00+00:00,945728
2024-01-03 06:00:00+00:00,524998
2024-01-03 07:00:00+00:00,562365
2024-01-03 08:00:00+00:00,963268
2024-01-03 09:00:00+00:00,708451
2024-01-03 10:00:00+00:00,389319
2024-01-03 11:00:00+00:00,707382
2024-01-03 12:00:00+00:00,490483
2024-01-03 13:00:00+00:00,222429
2024-01-03 14:00:00+00:00,278376
2024-01-03 15:00:00+00:00,312564
2024-01-03 16:00:00+00:00,145876
2024-01-03 17:00:00+00:00,105547
2024-01-03 18:00:00+00:00,181395
2024-01-03 19:00:00+00:00,324423
2024-01-03 20:00:00+00:00,172721
2024-01-03 21:00:00+00:00,228013
2024-01-03 22:00:00+00:00,283425
2024-01-03 23:00:00+00:00,69160
2024-01-04 00:00:00+00:00,155105
2024-01-04 01:00:00+00:00,214769
2024-01-04 02:00:00+00:00,62052
2024-01-04 03:00:00+00:00,106031
2024-01-04 04:00:00+00:00,324011
2024-01-04 05:00:00+00:00,496079
2024-01-04 06:00:00+00:00,454099
2024-01-04 07:00:00+00:00,491875
2024-01-04 08:00:00+00:00,548042
2024-01-04 09:00:00+00:00,626902
2024-01-04 10:00:00+00:00,455588
2024-01-04 11:00:00+00:00,671446
2024-01-04 12:00:00+00:00,424471
2024-01-04 13:00:00+00:00,348763
2024-01-04 14:00:00+00:00,522927
2024-01-04 15:00:00+00:00,176289
2024-01-04 16:00:00+00:00,140806
2024-01-04 17:00:00+00:00,134689
2024-01-04 18:00:00+00:00,221710
2024-01-04 19:00:00+00:00,536691
2024-01-04 20:00:00+00:00,266032
2024-01-04 21:00:00+00:00,145665
2024-01-04 22:00:00+00:00,221688
2024-01-04 23:00:00+00:00,276485
2024-01-05 00:00:00+00:00,223406
2024-01-05 01:00:00+00:00,247042
2024-01-05 02:00:00+00:00,270975
2024-01-05 03:00:00+00:00,320568
2024-01-05 04:00:00+00:00,250768
2024-01-05 05:00:00+00:00,1225509
2024-01-05 06:00:00+00:00,563537
2024-01-05 07:00:00+00:00,814624
2024-01-05 08:00:00+00:00,1041907
2024-01-05 09:00:00+00:00,401558
2024-01-05 10:00:00+00:00,541629
2024-01-05 11:00:00+00:00,601788
2024-01-05 12:00:00+00:00,455175
2024-01-05 13:00:00+00:00,487435
2024-01-05 14:00:00+00:00,282260
2024-01-05 15:00:00+00:00,97447
2024-01-05 16:00:00+00:00,174944
2024-01-05 17:00:00+00:00,215286
2024-01-05 18:00:00+00:00,560724
2024-01-05 19:00:00+00:00,315182
2024-01-05 20:00:00+00:00,164154
2024-01-05 21:00:00+00:00,534331
2024-01-05 22:00:00+00:00,166735
2024-01-05 23:00:00+00:00,74424
2024-01-06 00:00:00+00:00,88384
2024-01-06 01:00:00+00:00,109899
2024-01-06 02:00:00+00:00,65897
2024-01-06 03:00:00+00:00,99389
2024-01-06 04:00:00+00:00,93898
2024-01-06 05:00:00+00:00,268178
2024-01-06 06:00:00+00:00,234919
2024-01-06 07:00:00+00:00,77613
2024-01-06 08:00:00+00:00,224614
2024-01-06 09:00:00+00:00,278208
2024-01-06 10:00:00+00:00,135156
2024-01-06 11:00:00+00:00,236010
2024-01-06 12:00:00+00:00,81873
2024-01-06 13:00:00+00:00,110055
2024-01-06 14:00:00+00:00,402256
2024-01-06 15:00:00+00:00,2204659
2024-01-06 16:00:00+00:00,753936
2024-01-06 17:00:00+00:00,2116094
2024-01-06 18:00:00+00:00,2532440
2024-01-06 19:00:00+00:00,765613
2024-01-06 20:00:00+00:00,4200564
2024-01-06 21:00:00+00:00,411508
2024-01-06 22:00:00+00:00,618203
2024-01-06 23:00:00+00:00,100679
2024-01-07 00:00:00+00:00,143424
2024-01-07 01:00:00+00:00,87092
2024-01-07 02:00:00+00:00,105351
2024-01-07 03:00:00+00:00,61725
2024-01-07 04:00:00+00:00,50286
2024-01-07 05:00:00+00:00,266056
2024-01-07 06:00:00+00:00,118134
2024-01-07 07:00:00+00:00,132154
2024-01-07 08:00:00+00:00,291004
2024-01-07 09:00:00+00:00,307814
2024-01-07 10:00:00+00:00,290903
2024-01-07 11:00:00+00:00,396975
2024-01-07 12:00:00+00:00,358214
2024-01-07 13:00:00+00:00,157948
2024-01-07 14:00:00+00:00,310958
2024-01-07 15:00:00+00:00,175365
2024-01-07 16:00:00+00:00,151943
2024-01-07 17:00:00+00:00,362116
2024-01-07 18:00:00+00:00,146290
2024-01-07 19:00:00+00:00,290992
2024-01-07 20:00:00+00:00,532524
2024-01-07 21:00:00+00:00,559762
2024-01-07 22:00:00+00:00,256283
2024-01-07 23:00:00+00:00,880908
2024-01-08 00:00:00+00:00,102852
2024-01-08 01:00:00+00:00,72875
2024-01-08 02:00:00+00:00,128084
2024-01-08 03:00:00+00:00,160517
2024-01-08 04:00:00+00:00,574695
2024-01-08 05:00:00+00:00,911564
2024-01-08 06:00:00+00:00,1099321
2024-01-08 07:00:00+00:00,775045
2024-01-08 08:00:00+00:00,490634
2024-01-08 09:00:00+00:00,823421
2024-01-08 10:00:00+00:00,630676
2024-01-08 11:00:00+00:00,639122
2024-01-08 12:00:00+00:00,751145
2024-01-08 13:00:00+00:00,437680
2024-01-08 14:00:00+00:00,209166
2024-01-08 15:00:00+00:00,251134
2024-01-08 16:00:00+00:00,145337
2024-01-08 17:00:00+00:00,194291
2024-01-08 18:00:00+00:00,327084
2024-01-08 19:00:00+00:00,205810
2024-01-08 20:00:00+00:00,200006
2024-01-08 21:00:00+00:00,214257
2024-01-08 22:00:00+00:00,81137
2024-01-08 23:00:00+00:00,14205
2024-01-09 00:00:00+00:00,40042
2024-01-09 01:00:00+00:00,53288
2024-01-09 02:00:00+00:00,78315
2024-01-09 03:00:00+00:00,156373
2024-01-09 04:00:00+00:00,530363
2024-01-09 05:00:00+00:00,710083
2024-01-09 06:00:00+00:00,398736
2024-01-09 07:00:00+00:00,565583
2024-01-09 08:00:00+00:00,342404
2024-01-09 09:00:00+00:00,1179416
2024-01-09 10:00:00+00:00,449171
2024-01-09 11:00:00+00:00,560699
2024-01-09 12:00:00+00:00,444316
2024-01-09 13:00:00+00:00,215127
2024-01-09 14:00:00+00:00,208565
2024-01-09 15:00:00+00:00,345811
2024-01-09 16:00:00+00:00,296858
2024-01-09 17:00:00+00:00,580137
2024-01-09 18:00:00+00:00,990028
2024-01-09 19:00:00+00:00,796745
2024-01-09 20:00:00+00:00,2002979
2024-01-09 21:00:00+00:00,319559
2024-01-09 22:00:00+00:00,148460
2024-01-09 23:00:00+00:00,61037
2024-01-10 00:00:00+00:00,220942
2024-01-10 01:00:00+00:00,199557
2024-01-10 02:00:00+00:00,144705
2024-01-10 03:00:00+00:00,222655
2024-01-10 04:00:00+00:00,923333
2024-01-10 05:00:00+00:00,908878
2024-01-10 06:00:00+00:00,1039682
2024-01-10 07:00:00+00:00,768682
2024-01-10 08:00:00+00:00,945225
2024-01-10 09:00:00+00:00,710016
2024-01-10 10:00:00+00:00,597259
2024-01-10 11:00:00+00:00,731614
2024-01-10 12:00:00+00:00,587214
2024-01-10 13:00:00+00:00,452547
2024-01-10 14:00:00+00:00,395856
2024-01-10 15:00:00+00:00,363711
2024-01-10 16:00:00+00:00,239354
2024-01-10 17:00:00+00:00,234656
2024-01-10 18:00:00+00:00,194787
2024-01-10 19:00:00+00:00,550876
2024-01-10 20:00:00+00:00,383273
2024-01-10 21:00:00+00:00,230873
2024-01-10 22:00:00+00:00,156623
2024-01-10 23:00:00+00:00,190478
2024-01-11 00:00:00+00:00,154691
2024-01-11 01:00:00+00:00,110374
2024-01-11 02:00:00+00:00,97210
2024-01-11 03:00:00+00:00,155592
2024-01-11 04:00:00+00:00,443934
2024-01-11 05:00:00+00:00,698373
2024-01-11 06:00:00+00:00,961952
2024-01-11 07:00:00+00:00,473317
2024-01-11 08:00:00+00:00,540405
2024-01-11 09:00:00+00:00,566335
2024-01-11 10:00:00+00:00,552279
2024-01-11 11:00:00+00:00,814781
2024-01-11 12:00:00+00:00,716090
2024-01-11 13:00:00+00:00,384285
2024-01-11 14:00:00+00:00,395740
2024-01-11 15:00:00+00:00,456025
2024-01-11 16:00:00+00:00,214053
2024-01-11 17:00:00+00:00,899505
2024-01-11 18:00:00+00:00,257906
2024-01-11 19:00:00+00:00,391743
2024-01-11 20:00:00+00:00,352882
2024-01-11 21:00:00+00:00,438077
2024-01-11 22:00:00+00:00,451617
2024-01-11 23:00:00+00:00,280218
2024-01-12 00:00:00+00:00,149771
2024-01-12 01:00:00+00:00,437319
2024-01-12 02:00:00+00:00,321080
2024-01-12 03:00:00+00:00,234077
2024-01-12 04:00:00+00:00,568504
2024-01-12 05:00:00+00:00,1126649
2024-01-12 06:00:00+00:00,790792
2024-01-12 07:00:00+00:00,738466
2024-01-12 08:00:00+00:00,818482
2024-01-12 09:00:00+00:00,813157
2024-01-12 10:00:00+00:00,539418
2024-01-12 11:00:00+00:00,719476
2024-01-12 12:00:00+00:00,411006
2024-01-12 13:00:00+00:00,691676
2024-01-12 14:00:00+00:00,299315
2024-01-12 15:00:00+00:00,220675
2024-01-12 16:00:00+00:00,315392
2024-01-12 17:00:00+00:00,558788
2024-01-12 18:00:00+00:00,300446
2024-01-12 19:00:00+00:00,832419
2024-01-12 20:00:00+00:00,384349
2024-01-12 21:00:00+00:00,341211
2024-01-12 22:00:00+00:00,108456
2024-01-12 23:00:00+00:00,127290
2024-01-13 00:00:00+00:00,352308
2024-01-13 01:00:00+00:00,56529
2024-01-13 02:00:00+00:00,425863
2024-01-13 03:00:00+00:00,137141
2024-01-13 04:00:00+00:00,272117
2024-01-13 05:00:00+00:00,257713
2024-01-13 06:00:00+00:00,322374
2024-01-13 07:00:00+00:00,341378
2024-01-13 08:00:00+00:00,252380
2024-01-13 09:00:00+00:00,328751
2024-01-13 10:00:00+00:00,649155
2024-01-13 11:00:00+00:00,337509
2024-01-13 12:00:00+00:00,474070
2024-01-13 13:00:00+00:00,623407
2024-01-13 14:00:00+00:00,294275
2024-01-13 15:00:00+00:00,299359
2024-01-13 16:00:00+00:00,259605
2024-01-13 17:00:00+00:00,149163
2024-01-13 18:00:00+00:00,320203
2024-01-13 19:00:00+00:00,448078
2024-01-13 20:00:00+00:00,309581
2024-01-13 21:00:00+00:00,451462
2024-01-13 22:00:00+00:00,377614
2024-01-13 23:00:00+00:00,431875
2024-01-14 00:00:00+00:00,474393
2024-01-14 01:00:00+00:00,321349
2024-01-14 02:00:00+00:00,211918
2024-01-14 03:00:00+00:00,309550
2024-01-14 04:00:00+00:00,180101
2024-01-14 05:00:00+00:00,333719
2024-01-14 06:00:00+00:00,158183
2024-01-14 07:00:00+00:00,172099
2024-01-14 08:00:00+00:00,172776
2024-01-14 09:00:00+00:00,206075
2024-01-14 10:00:00+00:00,268380
2024-01-14 11:00:00+00:00,351975
2024-01-14 12:00:00+00:00,358347
2024-01-14 13:00:00+00:00,443406
2024-01-14 14:00:00+00:00,251049
2024-01-14 15:00:00+00:00,204127
2024-01-14 16:00:00+00:00,154471
2024-01-14 17:00:00+00:00,133432
2024-01-14 18:00:00+00:00,253229
2024-01-14 19:00:00+00:00,389998
2024-01-14 20:00:00+00:00,382684
2024-01-14 21:00:00+00:00,257011
2024-01-14 22:00:00+00:00,353892
2024-01-14 23:00:00+00:00,189959
2024-01-15 00:00:00+00:00,152758
2024-01-15 01:00:00+00:00,169199
2024-01-15 02:00:00+00:00,71373
2024-01-15 03:00:00+00:00,181438
2024-01-15 04:00:00+00:00,379110
2024-01-15 05:00:00+00:00,737733
2024-01-15 06:00:00+00:00,497599
2024-01-15 07:00:00+00:00,709493
2024-01-15 08:00:00+00:00,465173
2024-01-15 09:00:00+00:00,456833
2024-01-15 10:00:00+00:00,548793
2024-01-15 11:00:00+00:00,625765
2024-01-15 12:00:00+00:00,421486
2024-01-15 13:00:00+00:00,420848
2024-01-15 14:00:00+00:00,323329
2024-01-15 15:00:00+00:00,277122
2024-01-15 16:00:00+00:00,71579
2024-01-15 17:00:00+00:00,127606
2024-01-15 18:00:00+00:00,155722
2024-01-15 19:00:00+00:00,140456
2024-01-15 20:00:00+00:00,128467
2024-01-15 21:00:00+00:00,226369
2024-01-15 22:00:00+00:00,118515
2024-01-15 23:00:00+00:00,146376
2024-01-16 00:00:00+00:00,180823
2024-01-16 01:00:00+00:00,101094
2024-01-16 02:00:00+00:00,91562
2024-01-16 03:00:00+00:00,97966
2024-01-16 04:00:00+00:00,386075
2024-01-16 05:00:00+00:00,637410
2024-01-16 06:00:00+00:00,555174
2024-01-16 07:00:00+00:00,677611
2024-01-16 08:00:00+00:00,953384
2024-01-16 09:00:00+00:00,603853
2024-01-16 10:00:00+00:00,547535
2024-01-16 11:00:00+00:00,580711
2024-01-16 12:00:00+00:00,581507
2024-01-16 13:00:00+00:00,391317
2024-01-16 14:00:00+00:00,244508
2024-01-16 15:00:00+00:00,254233
2024-01-16 16:00:00+00:00,207715
2024-01-16 17:00:00+00:00,245062
2024-01-16 18:00:00+00:00,200430
2024-01-16 19:00:00+00:00,339961
2024-01-16 20:00:00+00:00,290238
2024-01-16 21:00:00+00:00,393798
2024-01-16 22:00:00+00:00,672913
2024-01-16 23:00:00+00:00,219155
2024-01-17 00:00:00+00:00,183578
2024-01-17 01:00:00+00:00,113239
2024-01-17 02:00:00+00:00,238464
2024-01-17 03:00:00+00:00,253204
2024-01-17 04:00:00+00:00,482707
2024-01-17 05:00:00+00:00,729151
2024-01-17 06:00:00+00:00,617808
2024-01-17 07:00:00+00:00,765718
2024-01-17 08:00:00+00:00,777865
2024-01-17 09:00:00+00:00,1070209
2024-01-17 10:00:00+00:00,746821
2024-01-17 11:00:00+00:00,752882
2024-01-17 12:00:00+00:00,876720
2024-01-17 13:00:00+00:00,426232
2024-01-17 14:00:00+00:00,218238
2024-01-17 15:00:00+00:00,200701
2024-01-17 16:00:00+00:00,152341
2024-01-17 17:00:00+00:00,138889
2024-01-17 18:00:00+00:00,249861
2024-01-17 19:00:00+00:00,1152155
2024-01-17 20:00:00+00:00,688325
2024-01-17 21:00:00+00:00,628385
2024-01-17 22:00:00+00:00,662620
2024-01-17 23:00:00+00:00,410282
2024-01-18 00:00:00+00:00,251508
2024-01-18 01:00:00+00:00,194373
2024-01-18 02:00:00+00:00,161177
2024-01-18 03:00:00+00:00,224637
2024-01-18 04:00:00+00:00,415601
2024-01-18 05:00:00+00:00,973722
2024-01-18 06:00:00+00:00,699956
2024-01-18 07:00:00+00:00,447276
2024-01-18 08:00:00+00:00,682461
2024-01-18 09:00:00+00:00,397087
2024-01-18 10:00:00+00:00,541871
2024-01-18 11:00:00+00:00,737622
2024-01-18 12:00:00+00:00,570321
2024-01-18 13:00:00+00:00,243226
2024-01-18 14:00:00+00:00,235359
2024-01-18 15:00:00+00:00,280906
2024-01-18 16:00:00+00:00,211109
2024-01-18 17:00:00+00:00,300397
2024-01-18 18:00:00+00:00,527575
2024-01-18 19:00:00+00:00,251668
2024-01-18 20:00:00+00:00,230670
2024-01-18 21:00:00+00:00,722858
2024-01-18 22:00:00+00:00,505465
2024-01-18 23:00:00+00:00,466874
2024-01-19 00:00:00+00:00,357156
2024-01-19 01:00:00+00:00,217636
2024-01-19 02:00:00+00:00,319834
2024-01-19 03:00:00+00:00,310317
2024-01-19 04:00:00+00:00,449579
2024-01-19 05:00:00+00:00,607571
2024-01-19 06:00:00+00:00,575368
2024-01-19 07:00:00+00:00,1011050
2024-01-19 08:00:00+00:00,1281304
2024-01-19 09:00:00+00:00,675983
2024-01-19 10:00:00+00:00,361758
2024-01-19 11:00:00+00:00,1068867
2024-01-19 12:00:00+00:00,688421
2024-01-19 13:00:00+00:00,319678
2024-01-19 14:00:00+00:00,404066
2024-01-19 15:00:00+00:00,130881
2024-01-19 16:00:00+00:00,112114
2024-01-19 17:00:00+00:00,103625
2024-01-19 18:00:00+00:00,82940
2024-01-19 19:00:00+00:00,143249
2024-01-19 20:00:00+00:00,190032
2024-01-19 21:00:00+00:00,265415
2024-01-19 22:00:00+00:00,213362
2024-01-19 23:00:00+00:00,248378
2024-01-20 00:00:00+00:00,128814
2024-01-20 01:00:00+00:00,107608
2024-01-20 02:00:00+00:00,104302
2024-01-20 03:00:00+00:00,62637
2024-01-20 04:00:00+00:00,96572
2024-01-20 05:00:00+00:00,145772
2024-01-20 06:00:00+00:00,139381
2024-01-20 07:00:00+00:00,142722
2024-01-20 08:00:00+00:00,167118
2024-01-20 09:00:00+00:00,262895
2024-01-20 10:00:00+00:00,377543
2024-01-20 11:00:00+00:00,290970
2024-01-20 12:00:00+00:00,227453
2024-01-20 13:00:00+00:00,211615
2024-01-20 14:00:00+00:00,159242
2024-01-20 15:00:00+00:00,312594
2024-01-20 16:00:00+00:00,597536
2024-01-20 17:00:00+00:00,738919
2024-01-20 18:00:00+00:00,183171
2024-01-20 19:00:00+00:00,278495
2024-01-20 20:00:00+00:00,335879
2024-01-20 21:00:00+00:00,270031
2024-01-20 22:00:00+00:00,293601
2024-01-20 23:00:00+00:00,167363
2024-01-21 00:00:00+00:00,50354
2024-01-21 01:00:00+00:00,199243
2024-01-21 02:00:00+00:00,113242
2024-01-21 03:00:00+00:00,91432
2024-01-21 04:00:00+00:00,54514
2024-01-21 05:00:00+00:00,68761
2024-01-21 06:00:00+00:00,78539
2024-01-21 07:00:00+00:00,68273
2024-01-21 08:00:00+00:00,300958
2024-01-21 09:00:00+00:00,235005
2024-01-21 10:00:00+00:00,403319
2024-01-21 11:00:00+00:00,365703
2024-01-21 12:00:00+00:00,462038
2024-01-21 13:00:00+00:00,184913
2024-01-21 14:00:00+00:00,150188
2024-01-21 15:00:00+00:00,280932
2024-01-21 16:00:00+00:00,62028
2024-01-21 17:00:00+00:00,85532
2024-01-21 18:00:00+00:00,157682
2024-01-21 19:00:00+00:00,341415
2024-01-21 20:00:00+00:00,135888
2024-01-21 21:00:00+00:00,173899
2024-01-21 22:00:00+00:00,181846
2024-01-21 23:00:00+00:00,243189
2024-01-22 00:00:00+00:00,156612
2024-01-22 01:00:00+00:00,327199
2024-01-22 02:00:00+00:00,104360
2024-01-22 03:00:00+00:00,174435
2024-01-22 04:00:00+00:00,273920
2024-01-22 05:00:00+00:00,497508
2024-01-22 06:00:00+00:00,575077
2024-01-22 07:00:00+00:00,846091
2024-01-22 08:00:00+00:00,675595
2024-01-22 09:00:00+00:00,697848
2024-01-22 10:00:00+00:00,959589
2024-01-22 11:00:00+00:00,640479
2024-01-22 12:00:00+00:00,524873
2024-01-22 13:00:00+00:00,501826
2024-01-22 14:00:00+00:00,529041
2024-01-22 15:00:00+00:00,556982
2024-01-22 16:00:00+00:00,116482
2024-01-22 17:00:00+00:00,166968
2024-01-22 18:00:00+00:00,157927
2024-01-22 19:00:00+00:00,387163
2024-01-22 20:00:00+00:00,336703
2024-01-22 21:00:00+00:00,423875
2024-01-22 22:00:00+00:00,377514
2024-01-22 23:00:00+00:00,240911
2024-01-23 00:00:00+00:00,153396
2024-01-23 01:00:00+00:00,269322
2024-01-23 02:00:00+00:00,309938
2024-01-23 03:00:00+00:00,265486
2024-01-23 04:00:00+00:00,427467
2024-01-23 05:00:00+00:00,1195369
2024-01-23 06:00:00+00:00,664019
2024-01-23 07:00:00+00:00,1042606
2024-01-23 08:00:00+00:00,577942
2024-01-23 09:00:00+00:00,700345
2024-01-23 10:00:00+00:00,790363
2024-01-23 11:00:00+00:00,777909
2024-01-23 12:00:00+00:00,751531
2024-01-23 13:00:00+00:00,273021
2024-01-23 14:00:00+00:00,287401
2024-01-23 15:00:00+00:00,228605
2024-01-23 16:00:00+00:00,235712
2024-01-23 17:00:00+00:00,394493
2024-01-23 18:00:00+00:00,184092
2024-01-23 19:00:00+00:00,741245
2024-01-23 20:00:00+00:00,329180
2024-01-23 21:00:00+00:00,648217
2024-01-23 22:00:00+00:00,398904
2024-01-23 23:00:00+00:00,289829
2024-01-24 00:00:00+00:00,107719
2024-01-24 01:00:00+00:00,89279
2024-01-24 02:00:00+00:00,115148
2024-01-24 03:00:00+00:00,129154
2024-01-24 04:00:00+00:00,308916
2024-01-24 05:00:00+00:00,617388
2024-01-24 06:00:00+00:00,771262
2024-01-24 07:00:00+00:00,605691
2024-01-24 08:00:00+00:00,490823
2024-01-24 09:00:00+00:00,1386601
2024-01-24 10:00:00+00:00,854398
2024-01-24 11:00:00+00:00,977616
2024-01-24 12:00:00+00:00,4888574
2024-01-24 13:00:00+00:00,3119387
2024-01-24 14:00:00+00:00,959401
2024-01-24 15:00:00+00:00,811615
2024-01-24 16:00:00+00:00,361034
2024-01-24 17:00:00+00:00,701065
2024-01-24 18:00:00+00:00,264957
2024-01-24 19:00:00+00:00,412616
2024-01-24 20:00:00+00:00,243793
2024-01-24 21:00:00+00:00,308574
2024-01-24 22:00:00+00:00,187497
2024-01-24 23:00:00+00:00,179393
2024-01-25 00:00:00+00:00,239994
2024-01-25 01:00:00+00:00,242692
2024-01-25 02:00:00+00:00,151611
2024-01-25 03:00:00+00:00,212621
2024-01-25 04:00:00+00:00,389798
2024-01-25 05:00:00+00:00,765028
2024-01-25 06:00:00+00:00,674508
2024-01-25 07:00:00+00:00,858866
2024-01-25 08:00:00+00:00,423251
2024-01-25 09:00:00+00:00,527634
2024-01-25 10:00:00+00:00,536248
2024-01-25 11:00:00+00:00,377205
2024-01-25 12:00:00+00:00,417642
2024-01-25 13:00:00+00:00,203012
2024-01-25 14:00:00+00:00,135855
2024-01-25 15:00:00+00:00,174741
2024-01-25 16:00:00+00:00,257954
2024-01-25 17:00:00+00:00,357793
2024-01-25 18:00:00+00:00,494610
2024-01-25 19:00:00+00:00,422964
2024-01-25 20:00:00+00:00,364733
2024-01-25 21:00:00+00:00,467414
2024-01-25 22:00:00+00:00,511206
2024-01-25 23:00:00+00:00,157008
2024-01-26 00:00:00+00:00,161869
2024-01-26 01:00:00+00:00,128815
2024-01-26 02:00:00+00:00,153649
2024-01-26 03:00:00+00:00,236620
2024-01-26 04:00:00+00:00,380380
2024-01-26 05:00:00+00:00,775679
2024-01-26 06:00:00+00:00,493494
2024-01-26 07:00:00+00:00,624187
2024-01-26 08:00:00+00:00,1076484
2024-01-26 09:00:00+00:00,601826
2024-01-26 10:00:00+00:00,504568
2024-01-26 11:00:00+00:00,711292
2024-01-26 12:00:00+00:00,680618
2024-01-26 13:00:00+00:00,466539
2024-01-26 14:00:00+00:00,329457
2024-01-26 15:00:00+00:00,256276
2024-01-26 16:00:00+00:00,228882
2024-01-26 17:00:00+00:00,280784
2024-01-26 18:00:00+00:00,240024
2024-01-26 19:00:00+00:00,298969
2024-01-26 20:00:00+00:00,278164
2024-01-26 21:00:00+00:00,630996
2024-01-26 22:00:00+00:00,442648
2024-01-26 23:00:00+00:00,408505
2024-01-27 00:00:00+00:00,380120
2024-01-27 01:00:00+00:00,262502
2024-01-27 02:00:00+00:00,244839
2024-01-27 03:00:00+00:00,185097
2024-01-27 04:00:00+00:00,235147
2024-01-27 05:00:00+00:00,412266
2024-01-27 06:00:00+00:00,368198
2024-01-27 07:00:00+00:00,160708
2024-01-27 08:00:00+00:00,442556
2024-01-27 09:00:00+00:00,381701
2024-01-27 10:00:00+00:00,262405
2024-01-27 11:00:00+00:00,527967
2024-01-27 12:00:00+00:00,2092684
2024-01-27 13:00:00+00:00,690807
2024-01-27 14:00:00+00:00,714652
2024-01-27 15:00:00+00:00,2022024
2024-01-27 16:00:00+00:00,278151
2024-01-27 17:00:00+00:00,553882
2024-01-27 18:00:00+00:00,406752
2024-01-27 19:00:00+00:00,333520
2024-01-27 20:00:00+00:00,261625
2024-01-27 21:00:00+00:00,1102171
2024-01-27 22:00:00+00:00,842049
2024-01-27 23:00:00+00:00,196494
2024-01-28 00:00:00+00:00,465960
2024-01-28 01:00:00+00:00,527468
2024-01-28 02:00:00+00:00,326184
2024-01-28 03:00:00+00:00,101421
2024-01-28 04:00:00+00:00,84016
2024-01-28 05:00:00+00:00,170935
2024-01-28 06:00:00+00:00,328630
2024-01-28 07:00:00+00:00,353742
2024-01-28 08:00:00+00:00,278872
2024-01-28 09:00:00+00:00,481026
2024-01-28 10:00:00+00:00,273291
2024-01-28 11:00:00+00:00,298586
2024-01-28 12:00:00+00:00,265775
2024-01-28 13:00:00+00:00,278482
2024-01-28 14:00:00+00:00,391772
2024-01-28 15:00:00+00:00,1648334
2024-01-28 16:00:00+00:00,185178
2024-01-28 17:00:00+00:00,100593
2024-01-28 18:00:00+00:00,645157
2024-01-28 19:00:00+00:00,633364
2024-01-28 20:00:00+00:00,852836
2024-01-28 21:00:00+00:00,936377
2024-01-28 22:00:00+00:00,596141
2024-01-28 23:00:00+00:00,454752
2024-01-29 00:00:00+00:00,366431
2024-01-29 01:00:00+00:00,439192
2024-01-29 02:00:00+00:00,294312
2024-01-29 03:00:00+00:00,196451
2024-01-29 04:00:00+00:00,503904
2024-01-29 05:00:00+00:00,766177
2024-01-29 06:00:00+00:00,364925
2024-01-29 07:00:00+00:00,656326
2024-01-29 08:00:00+00:00,707998
2024-01-29 09:00:00+00:00,906274
2024-01-29 10:00:00+00:00,918520
2024-01-29 11:00:00+00:00,732750
2024-01-29 12:00:00+00:00,444222
2024-01-29 13:00:00+00:00,313354
2024-01-29 14:00:00+00:00,186500
2024-01-29 15:00:00+00:00,410467
2024-01-29 16:00:00+00:00,182633
2024-01-29 17:00:00+00:00,178843
2024-01-29 18:00:00+00:00,242177
2024-01-29 19:00:00+00:00,577808
2024-01-29 20:00:00+00:00,499362
2024-01-29 21:00:00+00:00,924346
2024-01-29 22:00:00+00:00,406665
2024-01-29 23:00:00+00:00,695244
2024-01-30 00:00:00+00:00,497502
2024-01-30 01:00:00+00:00,251484
2024-01-30 02:00:00+00:00,177564
2024-01-30 03:00:00+00:00,214994
2024-01-30 04:00:00+00:00,399642
2024-01-30 05:00:00+00:00,839058
2024-01-30 06:00:00+00:00,517649
2024-01-30 07:00:00+00:00,437117
2024-01-30 08:00:00+00:00,469665
2024-01-30 09:00:00+00:00,766515
2024-01-30 10:00:00+00:00,817257
2024-01-30 11:00:00+00:00,568417
2024-01-30 12:00:00+00:00,620123
2024-01-30 13:00:00+00:00,358690
2024-01-30 14:00:00+00:00,225274
2024-01-30 15:00:00+00:00,231911
2024-01-30 16:00:00+00:00,254209
2024-01-30 17:00:00+00:00,171061
2024-01-30 18:00:00+00:00,326269
2024-01-30 19:00:00+00:00,514831
2024-01-30 20:00:00+00:00,790214
2024-01-30 21:00:00+00:00,629284
2024-01-30 22:00:00+00:00,1179454
2024-01-30 23:00:00+00:00,685493
2024-01-31 00:00:00+00:00,255236
2024-01-31 01:00:00+00:00,291569
2024-01-31 02:00:00+00:00,235617
2024-01-31 03:00:00+00:00,195391
2024-01-31 04:00:00+00:00,295384
2024-01-31 05:00:00+00:00,520750
2024-01-31 06:00:00+00:00,621428
2024-01-31 07:00:00+00:00,496875
2024-01-31 08:00:00+00:00,703774
2024-01-31 09:00:00+00:00,807268
2024-01-31 10:00:00+00:00,1613415
2024-01-31 11:00:00+00:00,1045138
2024-01-31 12:00:00+00:00,874124
2024-01-31 13:00:00+00:00,684844
2024-01-31 14:00:00+00:00,306636
2024-01-31 15:00:00+00:00,261045
2024-01-31 16:00:00+00:00,288469
2024-01-31 17:00:00+00:00,268374
2024-01-31 18:00:00+00:00,390421
2024-01-31 19:00:00+00:00,974050
2024-01-31 20:00:00+00:00,394204
2024-01-31 21:00:00+00:00,157320
2024-01-31 22:00:00+00:00,154878
2024-01-31 23:00:00+00:00,167905
2024-02-01 00:00:00+00:00,50055
2024-02-01 01:00:00+00:00,217153
2024-02-01 02:00:00+00:00,95072
2024-02-01 03:00:00+00:00,299858
2024-02-01 04:00:00+00:00,350030
2024-02-01 05:00:00+00:00,466964
2024-02-01 06:00:00+00:00,600249
2024-02-01 07:00:00+00:00,398760
2024-02-01 08:00:00+00:00,406249
2024-02-01 09:00:00+00:00,559045
2024-02-01 10:00:00+00:00,774767
2024-02-01 11:00:00+00:00,670187
2024-02-01 12:00:00+00:00,915920
2024-02-01 13:00:00+00:00,460611
2024-02-01 14:00:00+00:00,362495
2024-02-01 15:00:00+00:00,411014
2024-02-01 16:00:00+00:00,271519
2024-02-01 17:00:00+00:00,348381
2024-02-01 18:00:00+00:00,341660
2024-02-01 19:00:00+00:00,464067
2024-02-01 20:00:00+00:00,396398
2024-02-01 21:00:00+00:00,563585
2024-02-01 22:00:00+00:00,211519
2024-02-01 23:00:00+00:00,183301
2024-02-02 00:00:00+00:00,250997
2024-02-02 01:00:00+00:00,170533
2024-02-02 02:00:00+00:00,243050
2024-02-02 03:00:00+00:00,214335
2024-02-02 04:00:00+00:00,340944
2024-02-02 05:00:00+00:00,723426
2024-02-02 06:00:00+00:00,725372
2024-02-02 07:00:00+00:00,422479
2024-02-02 08:00:00+00:00,520624
2024-02-02 09:00:00+00:00,600387
2024-02-02 10:00:00+00:00,809643
2024-02-02 11:00:00+00:00,416387
2024-02-02 12:00:00+00:00,308443
2024-02-02 13:00:00+00:00,446037
2024-02-02 14:00:00+00:00,291577
2024-02-02 15:00:00+00:00,248136
2024-02-02 16:00:00+00:00,117956
2024-02-02 17:00:00+00:00,193374
2024-02-02 18:00:00+00:00,183694
2024-02-02 19:00:00+00:00,246880
2024-02-02 20:00:00+00:00,1929657
2024-02-02 21:00:00+00:00,262565
2024-02-02 22:00:00+00:00,496442
2024-02-02 23:00:00+00:00,371887
2024-02-03 00:00:00+00:00,141404
2024-02-03 01:00:00+00:00,189449
2024-02-03 02:00:00+00:00,195557
2024-02-03 03:00:00+00:00,176234
2024-02-03 04:00:00+00:00,162112
2024-02-03 05:00:00+00:00,154304
2024-02-03 06:00:00+00:00,266224
2024-02-03 07:00:00+00:00,473331
2024-02-03 08:00:00+00:00,1615427
2024-02-03 09:00:00+00:00,499309
2024-02-03 10:00:00+00:00,509687
2024-02-03 11:00:00+00:00,2910616
2024-02-03 12:00:00+00:00,286065
2024-02-03 13:00:00+00:00,759982
2024-02-03 14:00:00+00:00,553040
2024-02-03 15:00:00+00:00,987845
2024-02-03 16:00:00+00:00,1144868
2024-02-03 17:00:00+00:00,331618
2024-02-03 18:00:00+00:00,1420029
2024-02-03 19:00:00+00:00,457630
2024-02-03 20:00:00+00:00,1377980
2024-02-03 21:00:00+00:00,555100
2024-02-03 22:00:00+00:00,432466
2024-02-03 23:00:00+00:00,349315
2024-02-04 00:00:00+00:00,275971
2024-02-04 01:00:00+00:00,248037
2024-02-04 02:00:00+00:00,111780
2024-02-04 03:00:00+00:00,102454
2024-02-04 04:00:00+00:00,98647
2024-02-04 05:00:00+00:00,177048
2024-02-04 06:00:00+00:00,143599
2024-02-04 07:00:00+00:00,135075
2024-02-04 08:00:00+00:00,166298
2024-02-04 09:00:00+00:00,448942
2024-02-04 10:00:00+00:00,191667
2024-02-04 11:00:00+00:00,213000
2024-02-04 12:00:00+00:00,287502
2024-02-04 13:00:00+00:00,312775
2024-02-04 14:00:00+00:00,450211
2024-02-04 15:00:00+00:00,141384
2024-02-04 16:00:00+00:00,395471
2024-02-04 17:00:00+00:00,396110
2024-02-04 18:00:00+00:00,226445
2024-02-04 19:00:00+00:00,232440
2024-02-04 20:00:00+00:00,221365
2024-02-04 21:00:00+00:00,289665
2024-02-04 22:00:00+00:00,671713
2024-02-04 23:00:00+00:00,169195
2024-02-05 00:00:00+00:00,271496
2024-02-05 01:00:00+00:00,345772
2024-02-05 02:00:00+00:00,185324
2024-02-05 03:00:00+00:00,231824
2024-02-05 04:00:00+00:00,1178005
2024-02-05 05:00:00+00:00,1412386
2024-02-05 06:00:00+00:00,1079983
2024-02-05 07:00:00+00:00,786968
2024-02-05 08:00:00+00:00,502491
2024-02-05 09:00:00+00:00,554473
2024-02-05 10:00:00+00:00,454316
2024-02-05 11:00:00+00:00,758004
2024-02-05 12:00:00+00:00,421419
2024-02-05 13:00:00+00:00,184346
2024-02-05 14:00:00+00:00,485633
2024-02-05 15:00:00+00:00,297015
2024-02-05 16:00:00+00:00,1482687
2024-02-05 17:00:00+00:00,631094
2024-02-05 18:00:00+00:00,347130
2024-02-05 19:00:00+00:00,889820
2024-02-05 20:00:00+00:00,339095
2024-02-05 21:00:00+00:00,645449
2024-02-05 22:00:00+00:00,531656
2024-02-05 23:00:00+00:00,320222
2024-02-06 00:00:00+00:00,209182
2024-02-06 01:00:00+00:00,116296
2024-02-06 02:00:00+00:00,151206
2024-02-06 03:00:00+00:00,268296
2024-02-06 04:00:00+00:00,342612
2024-02-06 05:00:00+00:00,885294
2024-02-06 06:00:00+00:00,580159
2024-02-06 07:00:00+00:00,570802
2024-02-06 08:00:00+00:00,2207279
2024-02-06 09:00:00+00:00,621421
2024-02-06 10:00:00+00:00,560154
2024-02-06 11:00:00+00:00,816539
2024-02-06 12:00:00+00:00,1015949
2024-02-06 13:00:00+00:00,455812
2024-02-06 14:00:00+00:00,629933
2024-02-06 15:00:00+00:00,545301
2024-02-06 16:00:00+00:00,380036
2024-02-06 17:00:00+00:00,254728
2024-02-06 18:00:00+00:00,491045
2024-02-06 19:00:00+00:00,294392
2024-02-06 20:00:00+00:00,413050
2024-02-06 21:00:00+00:00,329023
2024-02-06 22:00:00+00:00,367720
2024-02-06 23:00:00+00:00,114054
2024-02-07 00:00:00+00:00,365581
2024-02-07 01:00:00+00:00,116423
2024-02-07 02:00:00+00:00,184130
2024-02-07 03:00:00+00:00,383052
2024-02-07 04:00:00+00:00,680925
2024-02-07 05:00:00+00:00,873472
2024-02-07 06:00:00+00:00,631521
2024-02-07 07:00:00+00:00,682308
2024-02-07 08:00:00+00:00,1149469
2024-02-07 09:00:00+00:00,649705
2024-02-07 10:00:00+00:00,933955
2024-02-07 11:00:00+00:00,755108
2024-02-07 12:00:00+00:00,498281
2024-02-07 13:00:00+00:00,383861
2024-02-07 14:00:00+00:00,396618
2024-02-07 15:00:00+00:00,195395
2024-02-07 16:00:00+00:00,1744339
2024-02-07 17:00:00+00:00,391752
2024-02-07 18:00:00+00:00,414382
2024-02-07 19:00:00+00:00,245553
2024-02-07 20:00:00+00:00,621936
2024-02-07 21:00:00+00:00,329151
2024-02-07 22:00:00+00:00,686258
2024-02-07 23:00:00+00:00,766408
2024-02-08 00:00:00+00:00,951723
2024-02-08 01:00:00+00:00,502279
2024-02-08 02:00:00+00:00,251664
2024-02-08 03:00:00+00:00,249603
2024-02-08 04:00:00+00:00,448742
2024-02-08 05:00:00+00:00,610992
2024-02-08 06:00:00+00:00,499683
2024-02-08 07:00:00+00:00,451017
2024-02-08 08:00:00+00:00,710747
2024-02-08 09:00:00+00:00,440025
2024-02-08 10:00:00+00:00,578019
2024-02-08 11:00:00+00:00,648618
2024-02-08 12:00:00+00:00,981045
2024-02-08 13:00:00+00:00,1830902
2024-02-08 14:00:00+00:00,591557
2024-02-08 15:00:00+00:00,674765
2024-02-08 16:00:00+00:00,1132319
2024-02-08 17:00:00+00:00,386355
2024-02-08 18:00:00+00:00,595239
2024-02-08 19:00:00+00:00,533690
2024-02-08 20:00:00+00:00,848022
2024-02-08 21:00:00+00:00,1431895
2024-02-08 22:00:00+00:00,655360
2024-02-08 23:00:00+00:00,499686
2024-02-09 00:00:00+00:00,262059
2024-02-09 01:00:00+00:00,224272
2024-02-09 02:00:00+00:00,156679
2024-02-09 03:00:00+00:00,920097
2024-02-09 04:00:00+00:00,807871
2024-02-09 05:00:00+00:00,1037016
2024-02-09 06:00:00+00:00,1046504
2024-02-09 07:00:00+00:00,784796
2024-02-09 08:00:00+00:00,384726
2024-02-09 09:00:00+00:00,534492
2024-02-09 10:00:00+00:00,435474
2024-02-09 11:00:00+00:00,611393
2024-02-09 12:00:00+00:00,380163
2024-02-09 13:00:00+00:00,485988
2024-02-09 14:00:00+00:00,293568
2024-02-09 15:00:00+00:00,479904
2024-02-09 16:00:00+00:00,258477
2024-02-09 17:00:00+00:00,459996
2024-02-09 18:00:00+00:00,714088
2024-02-09 19:00:00+00:00,427623
2024-02-09 20:00:00+00:00,390373
2024-02-09 21:00:00+00:00,439210
2024-02-09 22:00:00+00:00,862098
2024-02-09 23:00:00+00:00,243578
2024-02-10 00:00:00+00:00,513654
2024-02-10 01:00:00+00:00,102452
2024-02-10 02:00:00+00:00,192599
2024-02-10 03:00:00+00:00,150134
2024-02-10 04:00:00+00:00,133503
2024-02-10 05:00:00+00:00,333370
2024-02-10 06:00:00+00:00,135226
2024-02-10 07:00:00+00:00,250850
2024-02-10 08:00:00+00:00,258669
2024-02-10 09:00:00+00:00,310506
2024-02-10 10:00:00+00:00,421179
2024-02-10 11:00:00+00:00,401848
2024-02-10 12:00:00+00:00,344601
2024-02-10 13:00:00+00:00,429759
2024-02-10 14:00:00+00:00,595187
2024-02-10 15:00:00+00:00,516095
2024-02-10 16:00:00+00:00,419923
2024-02-10 17:00:00+00:00,515469
2024-02-10 18:00:00+00:00,361014
2024-02-10 19:00:00+00:00,809842
2024-02-10 20:00:00+00:00,663596
2024-02-10 21:00:00+00:00,450746
2024-02-10 22:00:00+00:00,419482
2024-02-10 23:00:00+00:00,450450
2024-02-11 00:00:00+00:00,208561
2024-02-11 01:00:00+00:00,171346
2024-02-11 02:00:00+00:00,83648
2024-02-11 03:00:00+00:00,85050
2024-02-11 04:00:00+00:00,231723
2024-02-11 05:00:00+00:00,155895
2024-02-11 06:00:00+00:00,199885
2024-02-11 07:00:00+00:00,193304
2024-02-11 08:00:00+00:00,211080
2024-02-11 09:00:00+00:00,841481
2024-02-11 10:00:00+00:00,521110
2024-02-11 11:00:00+00:00,394802
2024-02-11 12:00:00+00:00,403553
2024-02-11 13:00:00+00:00,902240
2024-02-11 14:00:00+00:00,304226
2024-02-11 15:00:00+00:00,3746136
2024-02-11 16:00:00+00:00,1862267
2024-02-11 17:00:00+00:00,561180
2024-02-11 18:00:00+00:00,389868
2024-02-11 19:00:00+00:00,455145
2024-02-11 20:00:00+00:00,755578
2024-02-11 21:00:00+00:00,505264
2024-02-11 22:00:00+00:00,326759
2024-02-11 23:00:00+00:00,112583
2024-02-12 00:00:00+00:00,68672
2024-02-12 01:00:00+00:00,68347
2024-02-12 02:00:00+00:00,145784
2024-02-12 03:00:00+00:00,155157
2024-02-12 04:00:00+00:00,315726
2024-02-12 05:00:00+00:00,943282
2024-02-12 06:00:00+00:00,1128251
2024-02-12 07:00:00+00:00,704676
2024-02-12 08:00:00+00:00,748723
2024-02-12 09:00:00+00:00,2328533
2024-02-12 10:00:00+00:00,622527
2024-02-12 11:00:00+00:00,780072
2024-02-12 12:00:00+00:00,928057
2024-02-12 13:00:00+00:00,348144
2024-02-12 14:00:00+00:00,144591
2024-02-12 15:00:00+00:00,253890
2024-02-12 16:00:00+00:00,155253
2024-02-12 17:00:00+00:00,455105
2024-02-12 18:00:00+00:00,228861
2024-02-12 19:00:00+00:00,277979
2024-02-12 20:00:00+00:00,300924
2024-02-12 21:00:00+00:00,104551
2024-02-12 22:00:00+00:00,280685
2024-02-12 23:00:00+00:00,647669
2024-02-13 00:00:00+00:00,322304
2024-02-13 01:00:00+00:00,266671
2024-02-13 02:00:00+00:00,70154
2024-02-13 03:00:00+00:00,125972
2024-02-13 04:00:00+00:00,272740
2024-02-13 05:00:00+00:00,305705
2024-02-13 06:00:00+00:00,319750
2024-02-13 07:00:00+00:00,413127
2024-02-13 08:00:00+00:00,432817
2024-02-13 09:00:00+00:00,519086
2024-02-13 10:00:00+00:00,754039
2024-02-13 11:00:00+00:00,546805
2024-02-13 12:00:00+00:00,913707
2024-02-13 13:00:00+00:00,386200
2024-02-13 14:00:00+00:00,187592
2024-02-13 15:00:00+00:00,441931
2024-02-13 16:00:00+00:00,436763
2024-02-13 17:00:00+00:00,158903
2024-02-13 18:00:00+00:00,191346
2024-02-13 19:00:00+00:00,174752
2024-02-13 20:00:00+00:00,279373
2024-02-13 21:00:00+00:00,259197
2024-02-13 22:00:00+00:00,330843
2024-02-13 23:00:00+00:00,385832
2024-02-14 00:00:00+00:00,231691
2024-02-14 01:00:00+00:00,350691
2024-02-14 02:00:00+00:00,177632
2024-02-14 03:00:00+00:00,282975
2024-02-14 04:00:00+00:00,1172120
2024-02-14 05:00:00+00:00,1067485
2024-02-14 06:00:00+00:00,838822
2024-02-14 07:00:00+00:00,620391
2024-02-14 08:00:00+00:00,931106
2024-02-14 09:00:00+00:00,553054
2024-02-14 10:00:00+00:00,528050
2024-02-14 11:00:00+00:00,588019
2024-02-14 12:00:00+00:00,885122
2024-02-14 13:00:00+00:00,549207
2024-02-14 14:00:00+00:00,351864
2024-02-14 15:00:00+00:00,470131
2024-02-14 16:00:00+00:00,391600
2024-02-14 17:00:00+00:00,227804
2024-02-14 18:00:00+00:00,609542
2024-02-14 19:00:00+00:00,457067
2024-02-14 20:00:00+00:00,668523
2024-02-14 21:00:00+00:00,582872
2024-02-14 22:00:00+00:00,403482
2024-02-14 23:00:00+00:00,180145
2024-02-15 00:00:00+00:00,136886
2024-02-15 01:00:00+00:00,102054
2024-02-15 02:00:00+00:00,236904
2024-02-15 03:00:00+00:00,111071
2024-02-15 04:00:00+00:00,481606
2024-02-15 05:00:00+00:00,778326
2024-02-15 06:00:00+00:00,723240
2024-02-15 07:00:00+00:00,553211
2024-02-15 08:00:00+00:00,982616
2024-02-15 09:00:00+00:00,906754
2024-02-15 10:00:00+00:00,2147880
2024-02-15 11:00:00+00:00,1208892
2024-02-15 12:00:00+00:00,658888
2024-02-15 13:00:00+00:00,357052
2024-02-15 14:00:00+00:00,297227
2024-02-15 15:00:00+00:00,443315
2024-02-15 16:00:00+00:00,514912
2024-02-15 17:00:00+00:00,377524
2024-02-15 18:00:00+00:00,566687
2024-02-15 19:00:00+00:00,593702
2024-02-15 20:00:00+00:00,402356
2024-02-15 21:00:00+00:00,716130
2024-02-15 22:00:00+00:00,577072
2024-02-15 23:00:00+00:00,342908
2024-02-16 00:00:00+00:00,452289
2024-02-16 01:00:00+00:00,832495
2024-02-16 02:00:00+00:00,111516
2024-02-16 03:00:00+00:00,209933
2024-02-16 04:00:00+00:00,454559
2024-02-16 05:00:00+00:00,754891
2024-02-16 06:00:00+00:00,577536
2024-02-16 07:00:00+00:00,742745
2024-02-16 08:00:00+00:00,533129
2024-02-16 09:00:00+00:00,1081214
2024-02-16 10:00:00+00:00,624811
2024-02-16 11:00:00+00:00,452903
2024-02-16 12:00:00+00:00,421578
2024-02-16 13:00:00+00:00,448283
2024-02-16 14:00:00+00:00,242322
2024-02-16 15:00:00+00:00,227549
2024-02-16 16:00:00+00:00,240202
2024-02-16 17:00:00+00:00,253088
2024-02-16 18:00:00+00:00,344308
2024-02-16 19:00:00+00:00,541066
2024-02-16 20:00:00+00:00,548421
2024-02-16 21:00:00+00:00,393427
2024-02-16 22:00:00+00:00,274000
2024-02-16 23:00:00+00:00,99731
2024-02-17 00:00:00+00:00,287991
2024-02-17 01:00:00+00:00,200435
2024-02-17 02:00:00+00:00,100943
2024-02-17 03:00:00+00:00,78406
2024-02-17 04:00:00+00:00,102321
2024-02-17 05:00:00+00:00,216535
2024-02-17 06:00:00+00:00,353194
2024-02-17 07:00:00+00:00,132135
2024-02-17 08:00:00+00:00,181731
2024-02-17 09:00:00+00:00,292821
2024-02-17 10:00:00+00:00,293988
2024-02-17 11:00:00+00:00,412977
2024-02-17 12:00:00+00:00,569609
2024-02-17 13:00:00+00:00,638637
2024-02-17 14:00:00+00:00,357648
2024-02-17 15:00:00+00:00,197707
2024-02-17 16:00:00+00:00,417704
2024-02-17 17:00:00+00:00,356020
2024-02-17 18:00:00+00:00,538815
2024-02-17 19:00:00+00:00,347597
2024-02-17 20:00:00+00:00,399979
2024-02-17 21:00:00+00:00,461110
2024-02-17 22:00:00+00:00,367808
2024-02-17 23:00:00+00:00,171553
2024-02-18 00:00:00+00:00,155235
2024-02-18 01:00:00+00:00,213999
2024-02-18 02:00:00+00:00,121525
2024-02-18 03:00:00+00:00,172721
2024-02-18 04:00:00+00:00,92909
2024-02-18 05:00:00+00:00,135783
2024-02-18 06:00:00+00:00,306980
2024-02-18 07:00:00+00:00,94482
2024-02-18 08:00:00+00:00,383376
2024-02-18 09:00:00+00:00,180625
2024-02-18 10:00:00+00:00,394604
2024-02-18 11:00:00+00:00,818845
2024-02-18 12:00:00+00:00,729706
2024-02-18 13:00:00+00:00,437221
2024-02-18 14:00:00+00:00,551622
2024-02-18 15:00:00+00:00,338506
2024-02-18 16:00:00+00:00,1522508
2024-02-18 17:00:00+00:00,503892
2024-02-18 18:00:00+00:00,475860
2024-02-18 19:00:00+00:00,316560
2024-02-18 20:00:00+00:00,322483
2024-02-18 21:00:00+00:00,707439
2024-02-18 22:00:00+00:00,531193
2024-02-18 23:00:00+00:00,741364
2024-02-19 00:00:00+00:00,123490
2024-02-19 01:00:00+00:00,93325
2024-02-19 02:00:00+00:00,139474
2024-02-19 03:00:00+00:00,185069
2024-02-19 04:00:00+00:00,667787
2024-02-19 05:00:00+00:00,1139374
2024-02-19 06:00:00+00:00,939852
2024-02-19 07:00:00+00:00,640063
2024-02-19 08:00:00+00:00,752017
2024-02-19 09:00:00+00:00,798729
2024-02-19 10:00:00+00:00,878353
2024-02-19 11:00:00+00:00,721234
2024-02-19 12:00:00+00:00,894682
2024-02-19 13:00:00+00:00,896509
2024-02-19 14:00:00+00:00,537702
2024-02-19 15:00:00+00:00,401149
2024-02-19 16:00:00+00:00,267009
2024-02-19 17:00:00+00:00,306503
2024-02-19 18:00:00+00:00,238786
2024-02-19 19:00:00+00:00,381540
2024-02-19 20:00:00+00:00,875014
2024-02-19 21:00:00+00:00,532510
2024-02-19 22:00:00+00:00,256398
2024-02-19 23:00:00+00:00,471357
2024-02-20 00:00:00+00:00,612075
2024-02-20 01:00:00+00:00,244889
2024-02-20 02:00:00+00:00,441561
2024-02-20 03:00:00+00:00,211732
2024-02-20 04:00:00+00:00,434282
2024-02-20 05:00:00+00:00,546402
2024-02-20 06:00:00+00:00,401999
2024-02-20 07:00:00+00:00,668919
2024-02-20 08:00:00+00:00,677531
2024-02-20 09:00:00+00:00,683097
2024-02-20 10:00:00+00:00,916569
2024-02-20 11:00:00+00:00,1073638
2024-02-20 12:00:00+00:00,1077912
2024-02-20 13:00:00+00:00,422582
2024-02-20 14:00:00+00:00,596466
2024-02-20 15:00:00+00:00,402823
2024-02-20 16:00:00+00:00,312278
2024-02-20 17:00:00+00:00,277427
2024-02-20 18:00:00+00:00,230605
2024-02-20 19:00:00+00:00,240448
2024-02-20 20:00:00+00:00,273996
2024-02-20 21:00:00+00:00,251750
2024-02-20 22:00:00+00:00,151090
2024-02-20 23:00:00+00:00,283394
2024-02-21 00:00:00+00:00,119905
2024-02-21 01:00:00+00:00,215847
2024-02-21 02:00:00+00:00,126719
2024-02-21 03:00:00+00:00,162317
2024-02-21 04:00:00+00:00,478467
2024-02-21 05:00:00+00:00,623027
2024-02-21 06:00:00+00:00,456096
2024-02-21 07:00:00+00:00,478448
2024-02-21 08:00:00+00:00,663765
2024-02-21 09:00:00+00:00,699444
2024-02-21 10:00:00+00:00,768844
2024-02-21 11:00:00+00:00,563419
2024-02-21 12:00:00+00:00,496032
2024-02-21 13:00:00+00:00,773014
2024-02-21 14:00:00+00:00,374715
2024-02-21 15:00:00+00:00,325927
2024-02-21 16:00:00+00:00,125887
2024-02-21 17:00:00+00:00,232155
2024-02-21 18:00:00+00:00,318857
2024-02-21 19:00:00+00:00,492800
2024-02-21 20:00:00+00:00,413334
2024-02-21 21:00:00+00:00,727169
2024-02-21 22:00:00+00:00,232297
2024-02-21 23:00:00+00:00,418506
2024-02-22 00:00:00+00:00,370633
2024-02-22 01:00:00+00:00,213902
2024-02-22 02:00:00+00:00,157781
2024-02-22 03:00:00+00:00,161184
2024-02-22 04:00:00+00:00,355849
2024-02-22 05:00:00+00:00,483162
2024-02-22 06:00:00+00:00,579544
2024-02-22 07:00:00+00:00,1154184
2024-02-22 08:00:00+00:00,610927
2024-02-22 09:00:00+00:00,1562277
2024-02-22 10:00:00+00:00,981327
2024-02-22 11:00:00+00:00,982048
2024-02-22 12:00:00+00:00,859493
2024-02-22 13:00:00+00:00,340822
2024-02-22 14:00:00+00:00,419647
2024-02-22 15:00:00+00:00,494139
2024-02-22 16:00:00+00:00,620381
2024-02-22 17:00:00+00:00,181228
2024-02-22 18:00:00+00:00,275241
2024-02-22 19:00:00+00:00,287783
2024-02-22 20:00:00+00:00,363216
2024-02-22 21:00:00+00:00,344072
2024-02-22 22:00:00+00:00,770561
2024-02-22 23:00:00+00:00,453340
2024-02-23 00:00:00+00:00,252790
2024-02-23 01:00:00+00:00,167004
2024-02-23 02:00:00+00:00,207290
2024-02-23 03:00:00+00:00,104875
2024-02-23 04:00:00+00:00,681695
2024-02-23 05:00:00+00:00,844313
2024-02-23 06:00:00+00:00,792029
2024-02-23 07:00:00+00:00,2569313
2024-02-23 08:00:00+00:00,719467
2024-02-23 09:00:00+00:00,636549
2024-02-23 10:00:00+00:00,1042873
2024-02-23 11:00:00+00:00,1067194
2024-02-23 12:00:00+00:00,978697
2024-02-23 13:00:00+00:00,1312966
2024-02-23 14:00:00+00:00,722030
2024-02-23 15:00:00+00:00,525632
2024-02-23 16:00:00+00:00,331855
2024-02-23 17:00:00+00:00,316054
2024-02-23 18:00:00+00:00,549365
2024-02-23 19:00:00+00:00,1020630
2024-02-23 20:00:00+00:00,369171
2024-02-23 21:00:00+00:00,492227
2024-02-23 22:00:00+00:00,486997
2024-02-23 23:00:00+00:00,209193
2024-02-24 00:00:00+00:00,184293
2024-02-24 01:00:00+00:00,170770
2024-02-24 02:00:00+00:00,198858
2024-02-24 03:00:00+00:00,147283
2024-02-24 04:00:00+00:00,171407
2024-02-24 05:00:00+00:00,203901
2024-02-24 06:00:00+00:00,392721
2024-02-24 07:00:00+00:00,371737
2024-02-24 08:00:00+00:00,250203
2024-02-24 09:00:00+00:00,213246
2024-02-24 10:00:00+00:00,280329
2024-02-24 11:00:00+00:00,320107
2024-02-24 12:00:00+00:00,859156
2024-02-24 13:00:00+00:00,489552
2024-02-24 14:00:00+00:00,400194
2024-02-24 15:00:00+00:00,524513
2024-02-24 16:00:00+00:00,123587
2024-02-24 17:00:00+00:00,394399
2024-02-24 18:00:00+00:00,447465
2024-02-24 19:00:00+00:00,538725
2024-02-24 20:00:00+00:00,1153467
2024-02-24 21:00:00+00:00,869403
2024-02-24 22:00:00+00:00,467447
2024-02-24 23:00:00+00:00,219482
2024-02-25 00:00:00+00:00,305175
2024-02-25 01:00:00+00:00,206869
2024-02-25 02:00:00+00:00,311630
2024-02-25 03:00:00+00:00,310048
2024-02-25 04:00:00+00:00,259023
2024-02-25 05:00:00+00:00,595630
2024-02-25 06:00:00+00:00,382023
2024-02-25 07:00:00+00:00,571616
2024-02-25 08:00:00+00:00,238114
2024-02-25 09:00:00+00:00,573367
2024-02-25 10:00:00+00:00,577482
2024-02-25 11:00:00+00:00,651001
2024-02-25 12:00:00+00:00,504606
2024-02-25 13:00:00+00:00,607637
2024-02-25 14:00:00+00:00,450146
2024-02-25 15:00:00+00:00,391365
2024-02-25 16:00:00+00:00,229375
2024-02-25 17:00:00+00:00,249243
2024-02-25 18:00:00+00:00,260708
2024-02-25 19:00:00+00:00,479487
2024-02-25 20:00:00+00:00,516227
2024-02-25 21:00:00+00:00,376666
2024-02-25 22:00:00+00:00,427342
2024-02-25 23:00:00+00:00,410981
2024-02-26 00:00:00+00:00,275492
2024-02-26 01:00:00+00:00,266926
2024-02-26 02:00:00+00:00,129184
2024-02-26 03:00:00+00:00,293289
2024-02-26 04:00:00+00:00,1014873
2024-02-26 05:00:00+00:00,1036891
2024-02-26 06:00:00+00:00,1227518
2024-02-26 07:00:00+00:00,1139554
2024-02-26 08:00:00+00:00,976429
2024-02-26 09:00:00+00:00,833756
2024-02-26 10:00:00+00:00,1141188
2024-02-26 11:00:00+00:00,713766
2024-02-26 12:00:00+00:00,492300
2024-02-26 13:00:00+00:00,576472
2024-02-26 14:00:00+00:00,378773
2024-02-26 15:00:00+00:00,2422067
2024-02-26 16:00:00+00:00,430927
2024-02-26 17:00:00+00:00,132556
2024-02-26 18:00:00+00:00,532471
2024-02-26 19:00:00+00:00,794416
2024-02-26 20:00:00+00:00,497942
2024-02-26 21:00:00+00:00,963095
2024-02-26 22:00:00+00:00,428394
2024-02-26 23:00:00+00:00,312616
2024-02-27 00:00:00+00:00,345828
2024-02-27 01:00:00+00:00,462827
2024-02-27 02:00:00+00:00,284944
2024-02-27 03:00:00+00:00,218138
2024-02-27 04:00:00+00:00,436255
2024-02-27 05:00:00+00:00,934309
2024-02-27 06:00:00+00:00,654024
2024-02-27 07:00:00+00:00,352044
2024-02-27 08:00:00+00:00,471134
2024-02-27 09:00:00+00:00,629803
2024-02-27 10:00:00+00:00,494731
2024-02-27 11:00:00+00:00,612859
2024-02-27 12:00:00+00:00,560785
2024-02-27 13:00:00+00:00,549643
2024-02-27 14:00:00+00:00,273624
2024-02-27 15:00:00+00:00,332357
2024-02-27 16:00:00+00:00,583442
2024-02-27 17:00:00+00:00,465941
2024-02-27 18:00:00+00:00,536958
2024-02-27 19:00:00+00:00,598714
2024-02-27 20:00:00+00:00,639599
2024-02-27 21:00:00+00:00,1012899
2024-02-27 22:00:00+00:00,367449
2024-02-27 23:00:00+00:00,355135
2024-02-28 00:00:00+00:00,251099
2024-02-28 01:00:00+00:00,387771
2024-02-28 02:00:00+00:00,309383
2024-02-28 03:00:00+00:00,215193
2024-02-28 04:00:00+00:00,389858
2024-02-28 05:00:00+00:00,656582
2024-02-28 06:00:00+00:00,824320
2024-02-28 07:00:00+00:00,993423
2024-02-28 08:00:00+00:00,834904
2024-02-28 09:00:00+00:00,754017
2024-02-28 10:00:00+00:00,616189
2024-02-28 11:00:00+00:00,718440
2024-02-28 12:00:00+00:00,621399
2024-02-28 13:00:00+00:00,433486
2024-02-28 14:00:00+00:00,276981
2024-02-28 15:00:00+00:00,181615
2024-02-28 16:00:00+00:00,99832
2024-02-28 17:00:00+00:00,153225
2024-02-28 18:00:00+00:00,608426
2024-02-28 19:00:00+00:00,336716
2024-02-28 20:00:00+00:00,356675
2024-02-28 21:00:00+00:00,309292
2024-02-28 22:00:00+00:00,1354729
2024-02-28 23:00:00+00:00,544483
2024-02-29 00:00:00+00:00,256518
2024-02-29 01:00:00+00:00,142561
2024-02-29 02:00:00+00:00,236397
2024-02-29 03:00:00+00:00,227693
2024-02-29 04:00:00+00:00,327269
2024-02-29 05:00:00+00:00,755692
2024-02-29 06:00:00+00:00,577116
2024-02-29 07:00:00+00:00,550937
2024-02-29 08:00:00+00:00,617723
2024-02-29 09:00:00+00:00,437757
2024-02-29 10:00:00+00:00,559003
2024-02-29 11:00:00+00:00,1131857
2024-02-29 12:00:00+00:00,720498
2024-02-29 13:00:00+00:00,373030
2024-02-29 14:00:00+00:00,268940
2024-02-29 15:00:00+00:00,534042
2024-02-29 16:00:00+00:00,395462
2024-02-29 17:00:00+00:00,323366
2024-02-29 18:00:00+00:00,710741
2024-02-29 19:00:00+00:00,280149
2024-02-29 20:00:00+00:00,542259
2024-02-29 21:00:00+00:00,1040160
2024-02-29 22:00:00+00:00,430344
2024-02-29 23:00:00+00:00,239824
2024-03-01 00:00:00+00:00,223438
2024-03-01 01:00:00+00:00,622632
2024-03-01 02:00:00+00:00,167492
2024-03-01 03:00:00+00:00,300125
2024-03-01 04:00:00+00:00,556576
2024-03-01 05:00:00+00:00,1459899
2024-03-01 06:00:00+00:00,933416
2024-03-01 07:00:00+00:00,1691923
2024-03-01 08:00:00+00:00,611897
2024-03-01 09:00:00+00:00,472151
2024-03-01 10:00:00+00:00,529911
2024-03-01 11:00:00+00:00,1273765
2024-03-01 12:00:00+00:00,506059
2024-03-01 13:00:00+00:00,447551
2024-03-01 14:00:00+00:00,653958
2024-03-01 15:00:00+00:00,177975
2024-03-01 16:00:00+00:00,196688
2024-03-01 17:00:00+00:00,183728
2024-03-01 18:00:00+00:00,146126
2024-03-01 19:00:00+00:00,331270
2024-03-01 20:00:00+00:00,327356
2024-03-01 21:00:00+00:00,258622
2024-03-01 22:00:00+00:00,438132
2024-03-01 23:00:00+00:00,489085
2024-03-02 00:00:00+00:00,209460
2024-03-02 01:00:00+00:00,305725
2024-03-02 02:00:00+00:00,132364
2024-03-02 03:00:00+00:00,108988
2024-03-02 04:00:00+00:00,163560
2024-03-02 05:00:00+00:00,130673
2024-03-02 06:00:00+00:00,101676
2024-03-02 07:00:00+00:00,250462
2024-03-02 08:00:00+00:00,254391
2024-03-02 09:00:00+00:00,333317
2024-03-02 10:00:00+00:00,326251
2024-03-02 11:00:00+00:00,701528
2024-03-02 12:00:00+00:00,200947
2024-03-02 13:00:00+00:00,413211
2024-03-02 14:00:00+00:00,338979
2024-03-02 15:00:00+00:00,390068
2024-03-02 16:00:00+00:00,257198
2024-03-02 17:00:00+00:00,223481
2024-03-02 18:00:00+00:00,392172
2024-03-02 19:00:00+00:00,284685
2024-03-02 20:00:00+00:00,358587
2024-03-02 21:00:00+00:00,573425
2024-03-02 22:00:00+00:00,292111
2024-03-02 23:00:00+00:00,92439
2024-03-03 00:00:00+00:00,129379
2024-03-03 01:00:00+00:00,92946
2024-03-03 02:00:00+00:00,76821
2024-03-03 03:00:00+00:00,155095
2024-03-03 04:00:00+00:00,325955
2024-03-03 05:00:00+00:00,119602
2024-03-03 06:00:00+00:00,143343
2024-03-03 07:00:00+00:00,162136
2024-03-03 08:00:00+00:00,197314
2024-03-03 09:00:00+00:00,161030
2024-03-03 10:00:00+00:00,759838
2024-03-03 11:00:00+00:00,169641
2024-03-03 12:00:00+00:00,325907
2024-03-03 13:00:00+00:00,203885
2024-03-03 14:00:00+00:00,418949
2024-03-03 15:00:00+00:00,1009128
2024-03-03 16:00:00+00:00,177624
2024-03-03 17:00:00+00:00,221604
2024-03-03 18:00:00+00:00,188540
2024-03-03 19:00:00+00:00,587777
2024-03-03 20:00:00+00:00,902691
2024-03-03 21:00:00+00:00,305049
2024-03-03 22:00:00+00:00,302823
2024-03-03 23:00:00+00:00,497845
2024-03-04 00:00:00+00:00,298232
2024-03-04 01:00:00+00:00,248692
2024-03-04 02:00:00+00:00,192327
2024-03-04 03:00:00+00:00,189370
2024-03-04 04:00:00+00:00,632167
2024-03-04 05:00:00+00:00,1017062
2024-03-04 06:00:00+00:00,512825
2024-03-04 07:00:00+00:00,552721
2024-03-04 08:00:00+00:00,688020
2024-03-04 09:00:00+00:00,1100316
2024-03-04 10:00:00+00:00,1060213
2024-03-04 11:00:00+00:00,915567
2024-03-04 12:00:00+00:00,879115
2024-03-04 13:00:00+00:00,435381
2024-03-04 14:00:00+00:00,278742
2024-03-04 15:00:00+00:00,231320
2024-03-04 16:00:00+00:00,396607
2024-03-04 17:00:00+00:00,185210
2024-03-04 18:00:00+00:00,349109
2024-03-04 19:00:00+00:00,225175
2024-03-04 20:00:00+00:00,280393
2024-03-04 21:00:00+00:00,378577
2024-03-04 22:00:00+00:00,448566
2024-03-04 23:00:00+00:00,347493
2024-03-05 00:00:00+00:00,349664
2024-03-05 01:00:00+00:00,196283
2024-03-05 02:00:00+00:00,135364
2024-03-05 03:00:00+00:00,152234
2024-03-05 04:00:00+00:00,640283
2024-03-05 05:00:00+00:00,939245
2024-03-05 06:00:00+00:00,639461
2024-03-05 07:00:00+00:00,849841
2024-03-05 08:00:00+00:00,1051217
2024-03-05 09:00:00+00:00,666683
2024-03-05 10:00:00+00:00,541834
2024-03-05 11:00:00+00:00,668376
2024-03-05 12:00:00+00:00,568381
2024-03-05 13:00:00+00:00,269550
2024-03-05 14:00:00+00:00,180316
2024-03-05 15:00:00+00:00,189786
2024-03-05 16:00:00+00:00,134120
2024-03-05 17:00:00+00:00,257523
2024-03-05 18:00:00+00:00,124789
2024-03-05 19:00:00+00:00,148828
2024-03-05 20:00:00+00:00,174873
2024-03-05 21:00:00+00:00,516926
2024-03-05 22:00:00+00:00,352086
2024-03-05 23:00:00+00:00,292817
2024-03-06 00:00:00+00:00,314112
2024-03-06 01:00:00+00:00,259301
2024-03-06 02:00:00+00:00,264126
2024-03-06 03:00:00+00:00,159419
2024-03-06 04:00:00+00:00,335446
2024-03-06 05:00:00+00:00,859423
2024-03-06 06:00:00+00:00,624475
2024-03-06 07:00:00+00:00,457419
2024-03-06 08:00:00+00:00,471511
2024-03-06 09:00:00+00:00,496982
2024-03-06 10:00:00+00:00,712000
2024-03-06 11:00:00+00:00,1138357
2024-03-06 12:00:00+00:00,704150
2024-03-06 13:00:00+00:00,435965
2024-03-06 14:00:00+00:00,457820
2024-03-06 15:00:00+00:00,549339
2024-03-06 16:00:00+00:00,341609
2024-03-06 17:00:00+00:00,289984
2024-03-06 18:00:00+00:00,587560
2024-03-06 19:00:00+00:00,596075
2024-03-06 20:00:00+00:00,583061
2024-03-06 21:00:00+00:00,373447
2024-03-06 22:00:00+00:00,477231
2024-03-06 23:00:00+00:00,270274
2024-03-07 00:00:00+00:00,284295
2024-03-07 01:00:00+00:00,301846
2024-03-07 02:00:00+00:00,315977
2024-03-07 03:00:00+00:00,172311
2024-03-07 04:00:00+00:00,654043
2024-03-07 05:00:00+00:00,961920
2024-03-07 06:00:00+00:00,758937
2024-03-07 07:00:00+00:00,659620
2024-03-07 08:00:00+00:00,704831
2024-03-07 09:00:00+00:00,630702
2024-03-07 10:00:00+00:00,1054558
2024-03-07 11:00:00+00:00,565567
2024-03-07 12:00:00+00:00,464094
2024-03-07 13:00:00+00:00,363963
2024-03-07 14:00:00+00:00,331321
2024-03-07 15:00:00+00:00,311399
2024-03-07 16:00:00+00:00,592687
2024-03-07 17:00:00+00:00,794953
2024-03-07 18:00:00+00:00,562518
2024-03-07 19:00:00+00:00,642651
2024-03-07 20:00:00+00:00,496808
2024-03-07 21:00:00+00:00,475099
2024-03-07 22:00:00+00:00,559104
2024-03-07 23:00:00+00:00,416958
2024-03-08 00:00:00+00:00,436159
2024-03-08 01:00:00+00:00,412220
2024-03-08 02:00:00+00:00,245565
2024-03-08 03:00:00+00:00,263729
2024-03-08 04:00:00+00:00,742513
2024-03-08 05:00:00+00:00,1026528
2024-03-08 06:00:00+00:00,795504
2024-03-08 07:00:00+00:00,763701
2024-03-08 08:00:00+00:00,751507
2024-03-08 09:00:00+00:00,484055
2024-03-08 10:00:00+00:00,551550
2024-03-08 11:00:00+00:00,689055
2024-03-08 12:00:00+00:00,514580
2024-03-08 13:00:00+00:00,333856
2024-03-08 14:00:00+00:00,168784
2024-03-08 15:00:00+00:00,167247
2024-03-08 16:00:00+00:00,182959
2024-03-08 17:00:00+00:00,189003
2024-03-08 18:00:00+00:00,490079
2024-03-08 19:00:00+00:00,645575
2024-03-08 20:00:00+00:00,805587
2024-03-08 21:00:00+00:00,988658
2024-03-08 22:00:00+00:00,385794
2024-03-08 23:00:00+00:00,331640
2024-03-09 00:00:00+00:00,396340
2024-03-09 01:00:00+00:00,332698
2024-03-09 02:00:00+00:00,96050
2024-03-09 03:00:00+00:00,195353
2024-03-09 04:00:00+00:00,223361
2024-03-09 05:00:00+00:00,317326
2024-03-09 06:00:00+00:00,298556
2024-03-09 07:00:00+00:00,247360
2024-03-09 08:00:00+00:00,280757
2024-03-09 09:00:00+00:00,320983
2024-03-09 10:00:00+00:00,496421
2024-03-09 11:00:00+00:00,779617
2024-03-09 12:00:00+00:00,636991
2024-03-09 13:00:00+00:00,531091
2024-03-09 14:00:00+00:00,1522578
2024-03-09 15:00:00+00:00,804324
2024-03-09 16:00:00+00:00,230815
2024-03-09 17:00:00+00:00,676423
2024-03-09 18:00:00+00:00,670614
2024-03-09 19:00:00+00:00,667339
2024-03-09 20:00:00+00:00,2308089
2024-03-09 21:00:00+00:00,1428778
2024-03-09 22:00:00+00:00,350653
2024-03-09 23:00:00+00:00,305647
2024-03-10 00:00:00+00:00,270455
2024-03-10 01:00:00+00:00,203870
2024-03-10 02:00:00+00:00,143151
2024-03-10 03:00:00+00:00,119610
2024-03-10 04:00:00+00:00,597354
2024-03-10 05:00:00+00:00,789401
2024-03-10 06:00:00+00:00,148510
2024-03-10 07:00:00+00:00,298804
2024-03-10 08:00:00+00:00,254445
2024-03-10 09:00:00+00:00,449543
2024-03-10 10:00:00+00:00,381966
2024-03-10 11:00:00+00:00,449414
2024-03-10 12:00:00+00:00,429185
2024-03-10 13:00:00+00:00,567265
2024-03-10 14:00:00+00:00,333995
2024-03-10 15:00:00+00:00,304085
2024-03-10 16:00:00+00:00,276068
2024-03-10 17:00:00+00:00,191485
2024-03-10 18:00:00+00:00,399760
2024-03-10 19:00:00+00:00,653712
2024-03-10 20:00:00+00:00,953583
2024-03-10 21:00:00+00:00,393689
2024-03-10 22:00:00+00:00,746370
2024-03-10 23:00:00+00:00,324367
2024-03-11 00:00:00+00:00,105666
2024-03-11 01:00:00+00:00,107565
2024-03-11 02:00:00+00:00,70702
2024-03-11 03:00:00+00:00,162229
2024-03-11 04:00:00+00:00,506713
2024-03-11 05:00:00+00:00,798723
2024-03-11 06:00:00+00:00,645585
2024-03-11 07:00:00+00:00,441281
2024-03-11 08:00:00+00:00,1431802
2024-03-11 09:00:00+00:00,765361
2024-03-11 10:00:00+00:00,713489
2024-03-11 11:00:00+00:00,989790
2024-03-11 12:00:00+00:00,1453696
2024-03-11 13:00:00+00:00,413629
2024-03-11 14:00:00+00:00,237778
2024-03-11 15:00:00+00:00,384563
2024-03-11 16:00:00+00:00,562725
2024-03-11 17:00:00+00:00,448871
2024-03-11 18:00:00+00:00,346249
2024-03-11 19:00:00+00:00,363212
2024-03-11 20:00:00+00:00,848494
2024-03-11 21:00:00+00:00,1379797
2024-03-11 22:00:00+00:00,1814485
2024-03-11 23:00:00+00:00,633602
2024-03-12 00:00:00+00:00,716468
2024-03-12 01:00:00+00:00,293151
2024-03-12 02:00:00+00:00,99209
2024-03-12 03:00:00+00:00,193935
2024-03-12 04:00:00+00:00,377164
2024-03-12 05:00:00+00:00,819534
2024-03-12 06:00:00+00:00,785964
2024-03-12 07:00:00+00:00,385634
2024-03-12 08:00:00+00:00,3276034
2024-03-12 09:00:00+00:00,838048
2024-03-12 10:00:00+00:00,684996
2024-03-12 11:00:00+00:00,892064
2024-03-12 12:00:00+00:00,1822944
2024-03-12 13:00:00+00:00,394438
2024-03-12 14:00:00+00:00,333628
2024-03-12 15:00:00+00:00,321379
2024-03-12 16:00:00+00:00,249018
2024-03-12 17:00:00+00:00,514571
2024-03-12 18:00:00+00:00,733047
2024-03-12 19:00:00+00:00,578951
2024-03-12 20:00:00+00:00,486122
2024-03-12 21:00:00+00:00,261147
2024-03-12 22:00:00+00:00,435204
2024-03-12 23:00:00+00:00,387851
2024-03-13 00:00:00+00:00,218178
2024-03-13 01:00:00+00:00,277043
2024-03-13 02:00:00+00:00,187340
2024-03-13 03:00:00+00:00,216431
2024-03-13 04:00:00+00:00,907362
2024-03-13 05:00:00+00:00,1150931
2024-03-13 06:00:00+00:00,876269
2024-03-13 07:00:00+00:00,985563
2024-03-13 08:00:00+00:00,1880720
2024-03-13 09:00:00+00:00,1828225
2024-03-13 10:00:00+00:00,985358
2024-03-13 11:00:00+00:00,1076821
2024-03-13 12:00:00+00:00,923446
2024-03-13 13:00:00+00:00,845795
2024-03-13 14:00:00+00:00,408963
2024-03-13 15:00:00+00:00,291714
2024-03-13 16:00:00+00:00,656962
2024-03-13 17:00:00+00:00,260751
2024-03-13 18:00:00+00:00,279830
2024-03-13 19:00:00+00:00,606158
2024-03-13 20:00:00+00:00,604427
2024-03-13 21:00:00+00:00,170282
2024-03-13 22:00:00+00:00,182821
2024-03-13 23:00:00+00:00,128456
2024-03-14 00:00:00+00:00,303692
2024-03-14 01:00:00+00:00,399393
2024-03-14 02:00:00+00:00,253560
2024-03-14 03:00:00+00:00,252973
2024-03-14 04:00:00+00:00,1031739
2024-03-14 05:00:00+00:00,1551538
2024-03-14 06:00:00+00:00,979674
2024-03-14 07:00:00+00:00,1454250
2024-03-14 08:00:00+00:00,1151810
2024-03-14 09:00:00+00:00,1371515
2024-03-14 10:00:00+00:00,788223
2024-03-14 11:00:00+00:00,896185
2024-03-14 12:00:00+00:00,830029
2024-03-14 13:00:00+00:00,568133
2024-03-14 14:00:00+00:00,312112
2024-03-14 15:00:00+00:00,381927
2024-03-14 16:00:00+00:00,391089
2024-03-14 17:00:00+00:00,440108
2024-03-14 18:00:00+00:00,446490
2024-03-14 19:00:00+00:00,850071
2024-03-14 20:00:00+00:00,475463
2024-03-14 21:00:00+00:00,360578
2024-03-14 22:00:00+00:00,519957
2024-03-14 23:00:00+00:00,649499
2024-03-15 00:00:00+00:00,307184
2024-03-15 01:00:00+00:00,288550
2024-03-15 02:00:00+00:00,205108
2024-03-15 03:00:00+00:00,258068
2024-03-15 04:00:00+00:00,481963
2024-03-15 05:00:00+00:00,849373
2024-03-15 06:00:00+00:00,679788
2024-03-15 07:00:00+00:00,590303
2024-03-15 08:00:00+00:00,923228
2024-03-15 09:00:00+00:00,841707
2024-03-15 10:00:00+00:00,663528
2024-03-15 11:00:00+00:00,1348950
2024-03-15 12:00:00+00:00,1237669
2024-03-15 13:00:00+00:00,670791
2024-03-15 14:00:00+00:00,968778
2024-03-15 15:00:00+00:00,660483
2024-03-15 16:00:00+00:00,391687
2024-03-15 17:00:00+00:00,356881
2024-03-15 18:00:00+00:00,587946
2024-03-15 19:00:00+00:00,587943
2024-03-15 20:00:00+00:00,991407
2024-03-15 21:00:00+00:00,591515
2024-03-15 22:00:00+00:00,642111
2024-03-15 23:00:00+00:00,562091
2024-03-16 00:00:00+00:00,403540
2024-03-16 01:00:00+00:00,269056
2024-03-16 02:00:00+00:00,289996
2024-03-16 03:00:00+00:00,307978
2024-03-16 04:00:00+00:00,114276
2024-03-16 05:00:00+00:00,104207
2024-03-16 06:00:00+00:00,168166
2024-03-16 07:00:00+00:00,152059
2024-03-16 08:00:00+00:00,146213
2024-03-16 09:00:00+00:00,262509
2024-03-16 10:00:00+00:00,323071
2024-03-16 11:00:00+00:00,253744
2024-03-16 12:00:00+00:00,473700
2024-03-16 13:00:00+00:00,341234
2024-03-16 14:00:00+00:00,260501
2024-03-16 15:00:00+00:00,230087
2024-03-16 16:00:00+00:00,521795
2024-03-16 17:00:00+00:00,335062
2024-03-16 18:00:00+00:00,751202
2024-03-16 19:00:00+00:00,350060
2024-03-16 20:00:00+00:00,519979
2024-03-16 21:00:00+00:00,906229
2024-03-16 22:00:00+00:00,388156
2024-03-16 23:00:00+00:00,207506
2024-03-17 00:00:00+00:00,222323
2024-03-17 01:00:00+00:00,174340
2024-03-17 02:00:00+00:00,195229
2024-03-17 03:00:00+00:00,193078
2024-03-17 04:00:00+00:00,297632
2024-03-17 05:00:00+00:00,450872
2024-03-17 06:00:00+00:00,127568
2024-03-17 07:00:00+00:00,196705
2024-03-17 08:00:00+00:00,133506
2024-03-17 09:00:00+00:00,169204
2024-03-17 10:00:00+00:00,175651
2024-03-17 11:00:00+00:00,166375
2024-03-17 12:00:00+00:00,404816
2024-03-17 13:00:00+00:00,576121
2024-03-17 14:00:00+00:00,384580
2024-03-17 15:00:00+00:00,1098336
2024-03-17 16:00:00+00:00,404603
2024-03-17 17:00:00+00:00,646549
2024-03-17 18:00:00+00:00,631543
2024-03-17 19:00:00+00:00,361608
2024-03-17 20:00:00+00:00,420491
2024-03-17 21:00:00+00:00,420475
2024-03-17 22:00:00+00:00,604596
2024-03-17 23:00:00+00:00,605236
2024-03-18 00:00:00+00:00,462100
2024-03-18 01:00:00+00:00,206993
2024-03-18 02:00:00+00:00,229374
2024-03-18 03:00:00+00:00,364357
2024-03-18 04:00:00+00:00,515793
2024-03-18 05:00:00+00:00,911217
2024-03-18 06:00:00+00:00,725818
2024-03-18 07:00:00+00:00,606887
2024-03-18 08:00:00+00:00,685492
2024-03-18 09:00:00+00:00,633782
2024-03-18 10:00:00+00:00,531072
2024-03-18 11:00:00+00:00,1424250
2024-03-18 12:00:00+00:00,604390
2024-03-18 13:00:00+00:00,613970
2024-03-18 14:00:00+00:00,437028
2024-03-18 15:00:00+00:00,639007
2024-03-18 16:00:00+00:00,286499
2024-03-18 17:00:00+00:00,169210
2024-03-18 18:00:00+00:00,296515
2024-03-18 19:00:00+00:00,980439
2024-03-18 20:00:00+00:00,1066408
2024-03-18 21:00:00+00:00,524238
2024-03-18 22:00:00+00:00,882799
2024-03-18 23:00:00+00:00,783463
2024-03-19 00:00:00+00:00,146286
2024-03-19 01:00:00+00:00,437735
2024-03-19 02:00:00+00:00,181789
2024-03-19 03:00:00+00:00,216198
2024-03-19 04:00:00+00:00,475743
2024-03-19 05:00:00+00:00,947310
2024-03-19 06:00:00+00:00,956086
2024-03-19 07:00:00+00:00,1078936
2024-03-19 08:00:00+00:00,812254
2024-03-19 09:00:00+00:00,1152325
2024-03-19 10:00:00+00:00,872901
2024-03-19 11:00:00+00:00,742339
2024-03-19 12:00:00+00:00,655820
2024-03-19 13:00:00+00:00,529459
2024-03-19 14:00:00+00:00,420526
2024-03-19 15:00:00+00:00,349701
2024-03-19 16:00:00+00:00,302490
2024-03-19 17:00:00+00:00,221621
2024-03-19 18:00:00+00:00,599929
2024-03-19 19:00:00+00:00,252747
2024-03-19 20:00:00+00:00,394638
2024-03-19 21:00:00+00:00,400177
2024-03-19 22:00:00+00:00,197732
2024-03-19 23:00:00+00:00,117448
2024-03-20 00:00:00+00:00,104759
2024-03-20 01:00:00+00:00,144271
2024-03-20 02:00:00+00:00,153080
2024-03-20 03:00:00+00:00,210608
2024-03-20 04:00:00+00:00,537099
2024-03-20 05:00:00+00:00,852952
2024-03-20 06:00:00+00:00,672781
2024-03-20 07:00:00+00:00,1061969
2024-03-20 08:00:00+00:00,674801
2024-03-20 09:00:00+00:00,814767
2024-03-20 10:00:00+00:00,648011
2024-03-20 11:00:00+00:00,830416
2024-03-20 12:00:00+00:00,1157380
2024-03-20 13:00:00+00:00,461853
2024-03-20 14:00:00+00:00,473094
2024-03-20 15:00:00+00:00,707467
2024-03-20 16:00:00+00:00,683888
2024-03-20 17:00:00+00:00,407431
2024-03-20 18:00:00+00:00,618237
2024-03-20 19:00:00+00:00,821206
2024-03-20 20:00:00+00:00,778071
2024-03-20 21:00:00+00:00,654197
2024-03-20 22:00:00+00:00,469492
2024-03-20 23:00:00+00:00,327946
2024-03-21 00:00:00+00:00,473797
2024-03-21 01:00:00+00:00,790981
2024-03-21 02:00:00+00:00,289573
2024-03-21 03:00:00+00:00,231124
2024-03-21 04:00:00+00:00,523835
2024-03-21 05:00:00+00:00,657261
2024-03-21 06:00:00+00:00,887718
2024-03-21 07:00:00+00:00,807152
2024-03-21 08:00:00+00:00,559120
2024-03-21 09:00:00+00:00,596158
2024-03-21 10:00:00+00:00,615193
2024-03-21 11:00:00+00:00,975840
2024-03-21 12:00:00+00:00,913352
2024-03-21 13:00:00+00:00,441480
2024-03-21 14:00:00+00:00,385777
2024-03-21 15:00:00+00:00,312471
2024-03-21 16:00:00+00:00,269641
2024-03-21 17:00:00+00:00,327395
2024-03-21 18:00:00+00:00,642256
2024-03-21 19:00:00+00:00,332214
2024-03-21 20:00:00+00:00,575512
2024-03-21 21:00:00+00:00,437353
2024-03-21 22:00:00+00:00,412284
2024-03-21 23:00:00+00:00,315890
2024-03-22 00:00:00+00:00,534648
2024-03-22 01:00:00+00:00,415404
2024-03-22 02:00:00+00:00,449505
2024-03-22 03:00:00+00:00,219742
2024-03-22 04:00:00+00:00,435854
2024-03-22 05:00:00+00:00,1587470
2024-03-22 06:00:00+00:00,795581
2024-03-22 07:00:00+00:00,877520
2024-03-22 08:00:00+00:00,913300
2024-03-22 09:00:00+00:00,883149
2024-03-22 10:00:00+00:00,826097
2024-03-22 11:00:00+00:00,1174114
2024-03-22 12:00:00+00:00,649395
2024-03-22 13:00:00+00:00,376019
2024-03-22 14:00:00+00:00,306983
2024-03-22 15:00:00+00:00,354706
2024-03-22 16:00:00+00:00,391890
2024-03-22 17:00:00+00:00,365966
2024-03-22 18:00:00+00:00,471179
2024-03-22 19:00:00+00:00,731739
2024-03-22 20:00:00+00:00,774809
2024-03-22 21:00:00+00:00,956186
2024-03-22 22:00:00+00:00,302147
2024-03-22 23:00:00+00:00,180382
2024-03-23 00:00:00+00:00,376180
2024-03-23 01:00:00+00:00,119262
2024-03-23 02:00:00+00:00,80770
2024-03-23 03:00:00+00:00,100696
2024-03-23 04:00:00+00:00,94138
2024-03-23 05:00:00+00:00,312857
2024-03-23 06:00:00+00:00,241741
2024-03-23 07:00:00+00:00,206195
2024-03-23 08:00:00+00:00,154052
2024-03-23 09:00:00+00:00,147743
2024-03-23 10:00:00+00:00,293211
2024-03-23 11:00:00+00:00,410518
2024-03-23 12:00:00+00:00,260856
2024-03-23 13:00:00+00:00,280340
2024-03-23 14:00:00+00:00,416311
2024-03-23 15:00:00+00:00,268733
2024-03-23 16:00:00+00:00,181095
2024-03-23 17:00:00+00:00,263561
2024-03-23 18:00:00+00:00,574338
2024-03-23 19:00:00+00:00,569281
2024-03-23 20:00:00+00:00,873760
2024-03-23 21:00:00+00:00,318035
2024-03-23 22:00:00+00:00,144876
2024-03-23 23:00:00+00:00,108689
2024-03-24 00:00:00+00:00,89622
2024-03-24 01:00:00+00:00,107766
2024-03-24 02:00:00+00:00,111148
2024-03-24 03:00:00+00:00,101882
2024-03-24 04:00:00+00:00,213011
2024-03-24 05:00:00+00:00,203803
2024-03-24 06:00:00+00:00,234857
2024-03-24 07:00:00+00:00,237833
2024-03-24 08:00:00+00:00,247000
2024-03-24 09:00:00+00:00,425465
2024-03-24 10:00:00+00:00,267395
2024-03-24 11:00:00+00:00,199405
2024-03-24 12:00:00+00:00,216738
2024-03-24 13:00:00+00:00,194805
2024-03-24 14:00:00+00:00,153444
2024-03-24 15:00:00+00:00,84817
2024-03-24 16:00:00+00:00,121451
2024-03-24 17:00:00+00:00,183381
2024-03-24 18:00:00+00:00,250136
2024-03-24 19:00:00+00:00,183978
2024-03-24 20:00:00+00:00,567841
2024-03-24 21:00:00+00:00,313670
2024-03-24 22:00:00+00:00,210331
2024-03-24 23:00:00+00:00,152460
2024-03-25 00:00:00+00:00,88992
2024-03-25 01:00:00+00:00,94892
2024-03-25 02:00:00+00:00,137905
2024-03-25 03:00:00+00:00,139690
2024-03-25 04:00:00+00:00,353364
2024-03-25 05:00:00+00:00,718995
2024-03-25 06:00:00+00:00,556239
2024-03-25 07:00:00+00:00,398020
2024-03-25 08:00:00+00:00,395574
2024-03-25 09:00:00+00:00,405159
2024-03-25 10:00:00+00:00,566751
2024-03-25 11:00:00+00:00,702662
2024-03-25 12:00:00+00:00,304979
2024-03-25 13:00:00+00:00,230929
2024-03-25 14:00:00+00:00,462467
2024-03-25 15:00:00+00:00,272997
2024-03-25 16:00:00+00:00,299663
2024-03-25 17:00:00+00:00,566422
2024-03-25 18:00:00+00:00,388024
2024-03-25 19:00:00+00:00,316555
2024-03-25 20:00:00+00:00,666082
2024-03-25 21:00:00+00:00,446944
2024-03-25 22:00:00+00:00,400571
2024-03-25 23:00:00+00:00,242372
2024-03-26 00:00:00+00:00,142884
2024-03-26 01:00:00+00:00,158949
2024-03-26 02:00:00+00:00,148049
2024-03-26 03:00:00+00:00,199836
2024-03-26 04:00:00+00:00,1312165
2024-03-26 05:00:00+00:00,2684171
2024-03-26 06:00:00+00:00,1930192
2024-03-26 07:00:00+00:00,1097855
2024-03-26 08:00:00+00:00,1700708
2024-03-26 09:00:00+00:00,703145
2024-03-26 10:00:00+00:00,506414
2024-03-26 11:00:00+00:00,628411
2024-03-26 12:00:00+00:00,737392
2024-03-26 13:00:00+00:00,616317
2024-03-26 14:00:00+00:00,533721
2024-03-26 15:00:00+00:00,430318
2024-03-26 16:00:00+00:00,320225
2024-03-26 17:00:00+00:00,239966
2024-03-26 18:00:00+00:00,403480
2024-03-26 19:00:00+00:00,309367
2024-03-26 20:00:00+00:00,462650
2024-03-26 21:00:00+00:00,541339
2024-03-26 22:00:00+00:00,411670
2024-03-26 23:00:00+00:00,270309
2024-03-27 00:00:00+00:00,162588
2024-03-27 01:00:00+00:00,124327
2024-03-27 02:00:00+00:00,208109
2024-03-27 03:00:00+00:00,250907
2024-03-27 04:00:00+00:00,703477
2024-03-27 05:00:00+00:00,922707
2024-03-27 06:00:00+00:00,716495
2024-03-27 07:00:00+00:00,806727
2024-03-27 08:00:00+00:00,872442
2024-03-27 09:00:00+00:00,831667
2024-03-27 10:00:00+00:00,964048
2024-03-27 11:00:00+00:00,768936
2024-03-27 12:00:00+00:00,1106716
2024-03-27 13:00:00+00:00,1027699
2024-03-27 14:00:00+00:00,490042
2024-03-27 15:00:00+00:00,2103674
2024-03-27 16:00:00+00:00,510172
2024-03-27 17:00:00+00:00,384348
2024-03-27 18:00:00+00:00,409632
2024-03-27 19:00:00+00:00,514669
2024-03-27 20:00:00+00:00,922355
2024-03-27 21:00:00+00:00,645322
2024-03-27 22:00:00+00:00,458477
2024-03-27 23:00:00+00:00,222526
2024-03-28 00:00:00+00:00,514841
2024-03-28 01:00:00+00:00,547026
2024-03-28 02:00:00+00:00,349602
2024-03-28 03:00:00+00:00,335069
2024-03-28 04:00:00+00:00,604005
2024-03-28 05:00:00+00:00,1131645
2024-03-28 06:00:00+00:00,1111233
2024-03-28 07:00:00+00:00,1081181
2024-03-28 08:00:00+00:00,647783
2024-03-28 09:00:00+00:00,626784
2024-03-28 10:00:00+00:00,713692
2024-03-28 11:00:00+00:00,579906
2024-03-28 12:00:00+00:00,509312
2024-03-28 13:00:00+00:00,784209
2024-03-28 14:00:00+00:00,891856
2024-03-28 15:00:00+00:00,624259
2024-03-28 16:00:00+00:00,573981
2024-03-28 17:00:00+00:00,1074796
2024-03-28 18:00:00+00:00,711221
2024-03-28 19:00:00+00:00,572474
2024-03-28 20:00:00+00:00,337677
2024-03-28 21:00:00+00:00,245489
2024-03-28 22:00:00+00:00,233495
2024-03-28 23:00:00+00:00,355938
2024-03-29 00:00:00+00:00,405452
2024-03-29 01:00:00+00:00,240079
2024-03-29 02:00:00+00:00,188408
2024-03-29 03:00:00+00:00,240374
2024-03-29 04:00:00+00:00,316978
2024-03-29 05:00:00+00:00,380874
2024-03-29 06:00:00+00:00,897438
2024-03-29 07:00:00+00:00,284889
2024-03-29 08:00:00+00:00,707635
2024-03-29 09:00:00+00:00,379482
2024-03-29 10:00:00+00:00,464545
2024-03-29 11:00:00+00:00,973402
2024-03-29 12:00:00+00:00,623059
2024-03-29 13:00:00+00:00,587519
2024-03-29 14:00:00+00:00,953898
2024-03-29 15:00:00+00:00,584934
2024-03-29 16:00:00+00:00,272582
2024-03-29 17:00:00+00:00,647843
2024-03-29 18:00:00+00:00,781278
2024-03-29 19:00:00+00:00,259828
2024-03-29 20:00:00+00:00,398062
2024-03-29 21:00:00+00:00,197253
2024-03-29 22:00:00+00:00,466194
2024-03-29 23:00:00+00:00,194901
2024-03-30 00:00:00+00:00,516232
2024-03-30 01:00:00+00:00,151208
2024-03-30 02:00:00+00:00,127019
2024-03-30 03:00:00+00:00,86542
2024-03-30 04:00:00+00:00,201038
2024-03-30 05:00:00+00:00,133771
2024-03-30 06:00:00+00:00,190614
2024-03-30 07:00:00+00:00,274901
2024-03-30 08:00:00+00:00,181473
2024-03-30 09:00:00+00:00,392738
2024-03-30 10:00:00+00:00,192837
2024-03-30 11:00:00+00:00,276811
2024-03-30 12:00:00+00:00,296284
2024-03-30 13:00:00+00:00,230978
2024-03-30 14:00:00+00:00,358977
2024-03-30 15:00:00+00:00,197999
2024-03-30 16:00:00+00:00,231560
2024-03-30 17:00:00+00:00,319236
2024-03-30 18:00:00+00:00,173680
2024-03-30 19:00:00+00:00,474553
2024-03-30 20:00:00+00:00,261075
2024-03-30 21:00:00+00:00,282120
2024-03-30 22:00:00+00:00,246643
2024-03-30 23:00:00+00:00,94720
2024-03-31 00:00:00+00:00,91442
2024-03-31 01:00:00+00:00,209883
2024-03-31 02:00:00+00:00,114451
2024-03-31 03:00:00+00:00,168138
2024-03-31 04:00:00+00:00,197375
2024-03-31 05:00:00+00:00,117634
2024-03-31 06:00:00+00:00,214844
2024-03-31 07:00:00+00:00,328370
2024-03-31 08:00:00+00:00,495406
2024-03-31 09:00:00+00:00,505935
2024-03-31 10:00:00+00:00,547172
2024-03-31 11:00:00+00:00,649588
2024-03-31 12:00:00+00:00,365901
2024-03-31 13:00:00+00:00,587645
2024-03-31 14:00:00+00:00,517950
2024-03-31 15:00:00+00:00,462471
2024-03-31 16:00:00+00:00,261214
2024-03-31 17:00:00+00:00,269228
2024-03-31 18:00:00+00:00,305376
2024-03-31 19:00:00+00:00,280905
2024-03-31 20:00:00+00:00,202543
2024-03-31 21:00:00+00:00,177175
2024-03-31 22:00:00+00:00,151342
2024-03-31 23:00:00+00:00,124431
2024-04-01 00:00:00+00:00,165112
2024-04-01 01:00:00+00:00,90456
2024-04-01 02:00:00+00:00,247469
2024-04-01 03:00:00+00:00,268472
2024-04-01 04:00:00+00:00,474387
2024-04-01 05:00:00+00:00,632573
2024-04-01 06:00:00+00:00,394029
2024-04-01 07:00:00+00:00,403164
2024-04-01 08:00:00+00:00,547107
2024-04-01 09:00:00+00:00,698945
2024-04-01 10:00:00+00:00,839944
2024-04-01 11:00:00+00:00,558956
2024-04-01 12:00:00+00:00,447291
2024-04-01 13:00:00+00:00,318769
2024-04-01 14:00:00+00:00,520743
2024-04-01 15:00:00+00:00,2262441
2024-04-01 16:00:00+00:00,351864
2024-04-01 17:00:00+00:00,441337
2024-04-01 18:00:00+00:00,625259
2024-04-01 19:00:00+00:00,823829
2024-04-01 20:00:00+00:00,438313
2024-04-01 21:00:00+00:00,494552
2024-04-01 22:00:00+00:00,307969
2024-04-01 23:00:00+00:00,396779
2024-04-02 00:00:00+00:00,264179
2024-04-02 01:00:00+00:00,463616
2024-04-02 02:00:00+00:00,896100
2024-04-02 03:00:00+00:00,1871978
2024-04-02 04:00:00+00:00,684997
2024-04-02 05:00:00+00:00,685289
2024-04-02 06:00:00+00:00,874067
2024-04-02 07:00:00+00:00,1335011
2024-04-02 08:00:00+00:00,611617
2024-04-02 09:00:00+00:00,653306
2024-04-02 10:00:00+00:00,527932
2024-04-02 11:00:00+00:00,512568
2024-04-02 12:00:00+00:00,320383
2024-04-02 13:00:00+00:00,320136
2024-04-02 14:00:00+00:00,289514
2024-04-02 15:00:00+00:00,251919
2024-04-02 16:00:00+00:00,1120491
2024-04-02 17:00:00+00:00,792471
2024-04-02 18:00:00+00:00,467300
2024-04-02 19:00:00+00:00,532412
2024-04-02 20:00:00+00:00,371822
2024-04-02 21:00:00+00:00,416789
2024-04-02 22:00:00+00:00,300055
2024-04-02 23:00:00+00:00,398051
2024-04-03 00:00:00+00:00,243492
2024-04-03 01:00:00+00:00,416622
2024-04-03 02:00:00+00:00,702115
2024-04-03 03:00:00+00:00,1138911
2024-04-03 04:00:00+00:00,686566
2024-04-03 05:00:00+00:00,902774
2024-04-03 06:00:00+00:00,997595
2024-04-03 07:00:00+00:00,957472
2024-04-03 08:00:00+00:00,798797
2024-04-03 09:00:00+00:00,856962
2024-04-03 10:00:00+00:00,483588
2024-04-03 11:00:00+00:00,466683
2024-04-03 12:00:00+00:00,435860
2024-04-03 13:00:00+00:00,538333
2024-04-03 14:00:00+00:00,252272
2024-04-03 15:00:00+00:00,277509
2024-04-03 16:00:00+00:00,966095
2024-04-03 17:00:00+00:00,1060500
2024-04-03 18:00:00+00:00,1341755
2024-04-03 19:00:00+00:00,486803
2024-04-03 20:00:00+00:00,406823
2024-04-03 21:00:00+00:00,478151
2024-04-03 22:00:00+00:00,411848
2024-04-03 23:00:00+00:00,184649
2024-04-04 00:00:00+00:00,305548
2024-04-04 01:00:00+00:00,321460
2024-04-04 02:00:00+00:00,693372
2024-04-04 03:00:00+00:00,933695
2024-04-04 04:00:00+00:00,1527202
2024-04-04 05:00:00+00:00,1178624
2024-04-04 06:00:00+00:00,776635
2024-04-04 07:00:00+00:00,762621
2024-04-04 08:00:00+00:00,961090
2024-04-04 09:00:00+00:00,626326
2024-04-04 10:00:00+00:00,549325
2024-04-04 11:00:00+00:00,323309
2024-04-04 12:00:00+00:00,411172
2024-04-04 13:00:00+00:00,267011
2024-04-04 14:00:00+00:00,242672
2024-04-04 15:00:00+00:00,271075
2024-04-04 16:00:00+00:00,461078
2024-04-04 17:00:00+00:00,430353
2024-04-04 18:00:00+00:00,488165
2024-04-04 19:00:00+00:00,945660
2024-04-04 20:00:00+00:00,669431
2024-04-04 21:00:00+00:00,334522
2024-04-04 22:00:00+00:00,391352
2024-04-04 23:00:00+00:00,455278
2024-04-05 00:00:00+00:00,451783
2024-04-05 01:00:00+00:00,466715
2024-04-05 02:00:00+00:00,520868
2024-04-05 03:00:00+00:00,1016720
2024-04-05 04:00:00+00:00,975578
2024-04-05 05:00:00+00:00,1071273
2024-04-05 06:00:00+00:00,922892
2024-04-05 07:00:00+00:00,609561
2024-04-05 08:00:00+00:00,713584
2024-04-05 09:00:00+00:00,933985
2024-04-05 10:00:00+00:00,655726
2024-04-05 11:00:00+00:00,402932
2024-04-05 12:00:00+00:00,224167
2024-04-05 13:00:00+00:00,216315
2024-04-05 14:00:00+00:00,223744
2024-04-05 15:00:00+00:00,596759
2024-04-05 16:00:00+00:00,220534
2024-04-05 17:00:00+00:00,349161
2024-04-05 18:00:00+00:00,350095
2024-04-05 19:00:00+00:00,295056
2024-04-05 20:00:00+00:00,284605
2024-04-05 21:00:00+00:00,607222
2024-04-05 22:00:00+00:00,403663
2024-04-05 23:00:00+00:00,402169
2024-04-06 00:00:00+00:00,306823
2024-04-06 01:00:00+00:00,244292
2024-04-06 02:00:00+00:00,435044
2024-04-06 03:00:00+00:00,382726
2024-04-06 04:00:00+00:00,614854
2024-04-06 05:00:00+00:00,471445
2024-04-06 06:00:00+00:00,447336
2024-04-06 07:00:00+00:00,361323
2024-04-06 08:00:00+00:00,614468
2024-04-06 09:00:00+00:00,740255
2024-04-06 10:00:00+00:00,697265
2024-04-06 11:00:00+00:00,837294
2024-04-06 12:00:00+00:00,806891
2024-04-06 13:00:00+00:00,901103
2024-04-06 14:00:00+00:00,234521
2024-04-06 15:00:00+00:00,548288
2024-04-06 16:00:00+00:00,209143
2024-04-06 17:00:00+00:00,418885
2024-04-06 18:00:00+00:00,495454
2024-04-06 19:00:00+00:00,78655
2024-04-06 20:00:00+00:00,306173
2024-04-06 21:00:00+00:00,461935
2024-04-06 22:00:00+00:00,222035
2024-04-06 23:00:00+00:00,249860
2024-04-07 00:00:00+00:00,240259
2024-04-07 01:00:00+00:00,288849
2024-04-07 02:00:00+00:00,179566
2024-04-07 03:00:00+00:00,193794
2024-04-07 04:00:00+00:00,245497
2024-04-07 05:00:00+00:00,244408
2024-04-07 06:00:00+00:00,361878
2024-04-07 07:00:00+00:00,268677
2024-04-07 08:00:00+00:00,213363
2024-04-07 09:00:00+00:00,218782
2024-04-07 10:00:00+00:00,286614
2024-04-07 11:00:00+00:00,307152
2024-04-07 12:00:00+00:00,455931
2024-04-07 13:00:00+00:00,279065
2024-04-07 14:00:00+00:00,186274
2024-04-07 15:00:00+00:00,222909
2024-04-07 16:00:00+00:00,292383
2024-04-07 17:00:00+00:00,312929
2024-04-07 18:00:00+00:00,534735
2024-04-07 19:00:00+00:00,382010
2024-04-07 20:00:00+00:00,159402
2024-04-07 21:00:00+00:00,304737
2024-04-07 22:00:00+00:00,269741
2024-04-07 23:00:00+00:00,289563
2024-04-08 00:00:00+00:00,144591
2024-04-08 01:00:00+00:00,320219
2024-04-08 02:00:00+00:00,594623
2024-04-08 03:00:00+00:00,655689
2024-04-08 04:00:00+00:00,509576
2024-04-08 05:00:00+00:00,622456
2024-04-08 06:00:00+00:00,664299
2024-04-08 07:00:00+00:00,474340
2024-04-08 08:00:00+00:00,804117
2024-04-08 09:00:00+00:00,632580
2024-04-08 10:00:00+00:00,1950877
2024-04-08 11:00:00+00:00,585027
2024-04-08 12:00:00+00:00,133317
2024-04-08 13:00:00+00:00,404729
2024-04-08 14:00:00+00:00,163559
2024-04-08 15:00:00+00:00,195167
2024-04-08 16:00:00+00:00,479205
2024-04-08 17:00:00+00:00,312692
2024-04-08 18:00:00+00:00,675603
2024-04-08 19:00:00+00:00,426757
2024-04-08 20:00:00+00:00,325778
2024-04-08 21:00:00+00:00,279624
2024-04-08 22:00:00+00:00,185537
2024-04-08 23:00:00+00:00,138386
2024-04-09 00:00:00+00:00,177979
2024-04-09 01:00:00+00:00,259240
2024-04-09 02:00:00+00:00,438538
2024-04-09 03:00:00+00:00,580569
2024-04-09 04:00:00+00:00,635510
2024-04-09 05:00:00+00:00,529695
2024-04-09 06:00:00+00:00,515430
2024-04-09 07:00:00+00:00,744518
2024-04-09 08:00:00+00:00,888604
2024-04-09 09:00:00+00:00,813730
2024-04-09 10:00:00+00:00,421075
2024-04-09 11:00:00+00:00,359714
2024-04-09 12:00:00+00:00,310124
2024-04-09 13:00:00+00:00,557019
2024-04-09 14:00:00+00:00,280794
2024-04-09 15:00:00+00:00,658905
2024-04-09 16:00:00+00:00,275660
2024-04-09 17:00:00+00:00,701233
2024-04-09 18:00:00+00:00,294910
2024-04-09 19:00:00+00:00,261071
2024-04-09 20:00:00+00:00,286571
2024-04-09 21:00:00+00:00,126822
2024-04-09 22:00:00+00:00,101524
2024-04-09 23:00:00+00:00,223675
2024-04-10 00:00:00+00:00,216095
2024-04-10 01:00:00+00:00,217136
2024-04-10 02:00:00+00:00,873487
2024-04-10 03:00:00+00:00,950718
2024-04-10 04:00:00+00:00,599691
2024-04-10 05:00:00+00:00,598182
2024-04-10 06:00:00+00:00,473956
2024-04-10 07:00:00+00:00,738825
2024-04-10 08:00:00+00:00,447873
2024-04-10 09:00:00+00:00,561862
2024-04-10 10:00:00+00:00,427586
2024-04-10 11:00:00+00:00,320785
2024-04-10 12:00:00+00:00,377906
2024-04-10 13:00:00+00:00,263438
2024-04-10 14:00:00+00:00,243783
2024-04-10 15:00:00+00:00,233937
2024-04-10 16:00:00+00:00,338591
2024-04-10 17:00:00+00:00,287074
2024-04-10 18:00:00+00:00,518831
2024-04-10 19:00:00+00:00,768560
2024-04-10 20:00:00+00:00,430901
2024-04-10 21:00:00+00:00,480020
2024-04-10 22:00:00+00:00,412804
2024-04-10 23:00:00+00:00,416970
2024-04-11 00:00:00+00:00,422496
2024-04-11 01:00:00+00:00,193860
2024-04-11 02:00:00+00:00,706443
2024-04-11 03:00:00+00:00,825427
2024-04-11 04:00:00+00:00,1666196
2024-04-11 05:00:00+00:00,488210
2024-04-11 06:00:00+00:00,639969
2024-04-11 07:00:00+00:00,408806
2024-04-11 08:00:00+00:00,1051346
2024-04-11 09:00:00+00:00,711146
2024-04-11 10:00:00+00:00,590598
2024-04-11 11:00:00+00:00,452561
2024-04-11 12:00:00+00:00,427626
2024-04-11 13:00:00+00:00,387678
2024-04-11 14:00:00+00:00,373475
2024-04-11 15:00:00+00:00,242781
2024-04-11 16:00:00+00:00,262733
2024-04-11 17:00:00+00:00,299820
2024-04-11 18:00:00+00:00,217157
2024-04-11 19:00:00+00:00,354515
2024-04-11 20:00:00+00:00,204088
2024-04-11 21:00:00+00:00,173376
2024-04-11 22:00:00+00:00,135754
2024-04-11 23:00:00+00:00,197946
2024-04-12 00:00:00+00:00,159422
2024-04-12 01:00:00+00:00,192730
2024-04-12 02:00:00+00:00,483434
2024-04-12 03:00:00+00:00,742471
2024-04-12 04:00:00+00:00,583244
2024-04-12 05:00:00+00:00,783058
2024-04-12 06:00:00+00:00,635757
2024-04-12 07:00:00+00:00,1806493
2024-04-12 08:00:00+00:00,469393
2024-04-12 09:00:00+00:00,698280
2024-04-12 10:00:00+00:00,613608
2024-04-12 11:00:00+00:00,376102
2024-04-12 12:00:00+00:00,461145
2024-04-12 13:00:00+00:00,159642
2024-04-12 14:00:00+00:00,379942
2024-04-12 15:00:00+00:00,316036
2024-04-12 16:00:00+00:00,352072
2024-04-12 17:00:00+00:00,326471
2024-04-12 18:00:00+00:00,390971
2024-04-12 19:00:00+00:00,657001
2024-04-12 20:00:00+00:00,589612
2024-04-12 21:00:00+00:00,287968
2024-04-12 22:00:00+00:00,151203
2024-04-12 23:00:00+00:00,212382
2024-04-13 00:00:00+00:00,343516
2024-04-13 01:00:00+00:00,155502
2024-04-13 02:00:00+00:00,235264
2024-04-13 03:00:00+00:00,191501
2024-04-13 04:00:00+00:00,326285
2024-04-13 05:00:00+00:00,363998
2024-04-13 06:00:00+00:00,347115
2024-04-13 07:00:00+00:00,277197
2024-04-13 08:00:00+00:00,413381
2024-04-13 09:00:00+00:00,825078
2024-04-13 10:00:00+00:00,298394
2024-04-13 11:00:00+00:00,363301
2024-04-13 12:00:00+00:00,472912
2024-04-13 13:00:00+00:00,562192
2024-04-13 14:00:00+00:00,265131
2024-04-13 15:00:00+00:00,315566
2024-04-13 16:00:00+00:00,409879
2024-04-13 17:00:00+00:00,785975
2024-04-13 18:00:00+00:00,485463
2024-04-13 19:00:00+00:00,537296
2024-04-13 20:00:00+00:00,484145
2024-04-13 21:00:00+00:00,440781
2024-04-13 22:00:00+00:00,350973
2024-04-13 23:00:00+00:00,280893
2024-04-14 00:00:00+00:00,242493
2024-04-14 01:00:00+00:00,245436
2024-04-14 02:00:00+00:00,261300
2024-04-14 03:00:00+00:00,659414
2024-04-14 04:00:00+00:00,918637
2024-04-14 05:00:00+00:00,368117
2024-04-14 06:00:00+00:00,383948
2024-04-14 07:00:00+00:00,425192
2024-04-14 08:00:00+00:00,424420
2024-04-14 09:00:00+00:00,685544
2024-04-14 10:00:00+00:00,1328980
2024-04-14 11:00:00+00:00,564149
2024-04-14 12:00:00+00:00,805954
2024-04-14 13:00:00+00:00,386163
2024-04-14 14:00:00+00:00,430311
2024-04-14 15:00:00+00:00,345516
2024-04-14 16:00:00+00:00,262401
2024-04-14 17:00:00+00:00,682781
2024-04-14 18:00:00+00:00,482500
2024-04-14 19:00:00+00:00,514894
2024-04-14 20:00:00+00:00,336319
2024-04-14 21:00:00+00:00,274493
2024-04-14 22:00:00+00:00,301212
2024-04-14 23:00:00+00:00,288302
2024-04-15 00:00:00+00:00,236614
2024-04-15 01:00:00+00:00,423739
2024-04-15 02:00:00+00:00,518290
2024-04-15 03:00:00+00:00,1119568
2024-04-15 04:00:00+00:00,1123560
2024-04-15 05:00:00+00:00,797142
2024-04-15 06:00:00+00:00,841606
2024-04-15 07:00:00+00:00,794667
2024-04-15 08:00:00+00:00,953576
2024-04-15 09:00:00+00:00,596704
2024-04-15 10:00:00+00:00,559687
2024-04-15 11:00:00+00:00,281438
2024-04-15 12:00:00+00:00,267882
2024-04-15 13:00:00+00:00,205473
2024-04-15 14:00:00+00:00,296150
2024-04-15 15:00:00+00:00,238933
2024-04-15 16:00:00+00:00,210469
2024-04-15 17:00:00+00:00,642613
2024-04-15 18:00:00+00:00,330183
2024-04-15 19:00:00+00:00,319548
2024-04-15 20:00:00+00:00,370484
2024-04-15 21:00:00+00:00,239049
2024-04-15 22:00:00+00:00,171225
2024-04-15 23:00:00+00:00,196916
2024-04-16 00:00:00+00:00,179251
2024-04-16 01:00:00+00:00,224331
2024-04-16 02:00:00+00:00,631699
2024-04-16 03:00:00+00:00,857860
2024-04-16 04:00:00+00:00,763121
2024-04-16 05:00:00+00:00,920939
2024-04-16 06:00:00+00:00,623883
2024-04-16 07:00:00+00:00,744214
2024-04-16 08:00:00+00:00,669490
2024-04-16 09:00:00+00:00,800105
2024-04-16 10:00:00+00:00,438325
2024-04-16 11:00:00+00:00,826660
2024-04-16 12:00:00+00:00,274269
2024-04-16 13:00:00+00:00,351785
2024-04-16 14:00:00+00:00,802761
2024-04-16 15:00:00+00:00,231393
2024-04-16 16:00:00+00:00,452299
2024-04-16 17:00:00+00:00,486748
2024-04-16 18:00:00+00:00,272217
2024-04-16 19:00:00+00:00,468424
2024-04-16 20:00:00+00:00,286636
2024-04-16 21:00:00+00:00,228147
2024-04-16 22:00:00+00:00,186356
2024-04-16 23:00:00+00:00,195826
2024-04-17 00:00:00+00:00,380703
2024-04-17 01:00:00+00:00,271413
2024-04-17 02:00:00+00:00,515181
2024-04-17 03:00:00+00:00,773821
2024-04-17 04:00:00+00:00,700230
2024-04-17 05:00:00+00:00,489618
2024-04-17 06:00:00+00:00,478895
2024-04-17 07:00:00+00:00,692059
2024-04-17 08:00:00+00:00,621617
2024-04-17 09:00:00+00:00,675830
2024-04-17 10:00:00+00:00,616956
2024-04-17 11:00:00+00:00,391458
2024-04-17 12:00:00+00:00,232022
2024-04-17 13:00:00+00:00,248862
2024-04-17 14:00:00+00:00,290090
2024-04-17 15:00:00+00:00,292768
2024-04-17 16:00:00+00:00,567328
2024-04-17 17:00:00+00:00,535248
2024-04-17 18:00:00+00:00,642037
2024-04-17 19:00:00+00:00,401154
2024-04-17 20:00:00+00:00,176655
2024-04-17 21:00:00+00:00,247866
2024-04-17 22:00:00+00:00,313797
2024-04-17 23:00:00+00:00,324982
2024-04-18 00:00:00+00:00,285120
2024-04-18 01:00:00+00:00,214976
2024-04-18 02:00:00+00:00,689797
2024-04-18 03:00:00+00:00,801197
2024-04-18 04:00:00+00:00,1059269
2024-04-18 05:00:00+00:00,686014
2024-04-18 06:00:00+00:00,613267
2024-04-18 07:00:00+00:00,699693
2024-04-18 08:00:00+00:00,1010887
2024-04-18 09:00:00+00:00,772844
2024-04-18 10:00:00+00:00,559150
2024-04-18 11:00:00+00:00,370504
2024-04-18 12:00:00+00:00,369581
2024-04-18 13:00:00+00:00,232572
2024-04-18 14:00:00+00:00,196262
2024-04-18 15:00:00+00:00,290080
2024-04-18 16:00:00+00:00,345961
2024-04-18 17:00:00+00:00,422584
2024-04-18 18:00:00+00:00,386451
2024-04-18 19:00:00+00:00,667947
2024-04-18 20:00:00+00:00,432810
2024-04-18 21:00:00+00:00,259437
2024-04-18 22:00:00+00:00,408179
2024-04-18 23:00:00+00:00,453892
2024-04-19 00:00:00+00:00,442948
2024-04-19 01:00:00+00:00,378053
2024-04-19 02:00:00+00:00,584552
2024-04-19 03:00:00+00:00,822640
2024-04-19 04:00:00+00:00,595334
2024-04-19 05:00:00+00:00,874277
2024-04-19 06:00:00+00:00,794882
2024-04-19 07:00:00+00:00,640322
2024-04-19 08:00:00+00:00,617982
2024-04-19 09:00:00+00:00,678787
2024-04-19 10:00:00+00:00,804799
2024-04-19 11:00:00+00:00,417766
2024-04-19 12:00:00+00:00,348760
2024-04-19 13:00:00+00:00,422463
2024-04-19 14:00:00+00:00,440900
2024-04-19 15:00:00+00:00,502555
2024-04-19 16:00:00+00:00,403232
2024-04-19 17:00:00+00:00,1385779
2024-04-19 18:00:00+00:00,283199
2024-04-19 19:00:00+00:00,436658
2024-04-19 20:00:00+00:00,431362
2024-04-19 21:00:00+00:00,500935
2024-04-19 22:00:00+00:00,227067
2024-04-19 23:00:00+00:00,262378
2024-04-20 00:00:00+00:00,241392
2024-04-20 01:00:00+00:00,270565
2024-04-20 02:00:00+00:00,274685
2024-04-20 03:00:00+00:00,332303
2024-04-20 04:00:00+00:00,302531
2024-04-20 05:00:00+00:00,235477
2024-04-20 06:00:00+00:00,482093
2024-04-20 07:00:00+00:00,660750
2024-04-20 08:00:00+00:00,319238
2024-04-20 09:00:00+00:00,504195
2024-04-20 10:00:00+00:00,358422
2024-04-20 11:00:00+00:00,280943
2024-04-20 12:00:00+00:00,358288
2024-04-20 13:00:00+00:00,371599
2024-04-20 14:00:00+00:00,353559
2024-04-20 15:00:00+00:00,365639
2024-04-20 16:00:00+00:00,588683
2024-04-20 17:00:00+00:00,392648
2024-04-20 18:00:00+00:00,470143
2024-04-20 19:00:00+00:00,476929
2024-04-20 20:00:00+00:00,823291
2024-04-20 21:00:00+00:00,338339
2024-04-20 22:00:00+00:00,208205
2024-04-20 23:00:00+00:00,342989
2024-04-21 00:00:00+00:00,367204
2024-04-21 01:00:00+00:00,309877
2024-04-21 02:00:00+00:00,227643
2024-04-21 03:00:00+00:00,405659
2024-04-21 04:00:00+00:00,513823
2024-04-21 05:00:00+00:00,293310
2024-04-21 06:00:00+00:00,362436
2024-04-21 07:00:00+00:00,440466
2024-04-21 08:00:00+00:00,609188
2024-04-21 09:00:00+00:00,464670
2024-04-21 10:00:00+00:00,723733
2024-04-21 11:00:00+00:00,487369
2024-04-21 12:00:00+00:00,494485
2024-04-21 13:00:00+00:00,556708
2024-04-21 14:00:00+00:00,399113
2024-04-21 15:00:00+00:00,241607
2024-04-21 16:00:00+00:00,221952
2024-04-21 17:00:00+00:00,310004
2024-04-21 18:00:00+00:00,736011
2024-04-21 19:00:00+00:00,497036
2024-04-21 20:00:00+00:00,396136
2024-04-21 21:00:00+00:00,497335
2024-04-21 22:00:00+00:00,145337
2024-04-21 23:00:00+00:00,175674
2024-04-22 00:00:00+00:00,692400
2024-04-22 01:00:00+00:00,404991
2024-04-22 02:00:00+00:00,844220
2024-04-22 03:00:00+00:00,1289313
2024-04-22 04:00:00+00:00,843061
2024-04-22 05:00:00+00:00,562032
2024-04-22 06:00:00+00:00,1229170
2024-04-22 07:00:00+00:00,681569
2024-04-22 08:00:00+00:00,843094
2024-04-22 09:00:00+00:00,637622
2024-04-22 10:00:00+00:00,1050634
2024-04-22 11:00:00+00:00,419279
2024-04-22 12:00:00+00:00,375540
2024-04-22 13:00:00+00:00,291264
2024-04-22 14:00:00+00:00,314186
2024-04-22 15:00:00+00:00,273386
2024-04-22 16:00:00+00:00,261307
2024-04-22 17:00:00+00:00,244067
2024-04-22 18:00:00+00:00,345875
2024-04-22 19:00:00+00:00,768264
2024-04-22 20:00:00+00:00,586190
2024-04-22 21:00:00+00:00,372482
2024-04-22 22:00:00+00:00,180891
2024-04-22 23:00:00+00:00,191321
2024-04-23 00:00:00+00:00,217956
2024-04-23 01:00:00+00:00,388203
2024-04-23 02:00:00+00:00,451137
2024-04-23 03:00:00+00:00,814808
2024-04-23 04:00:00+00:00,645145
2024-04-23 05:00:00+00:00,900968
2024-04-23 06:00:00+00:00,1071362
2024-04-23 07:00:00+00:00,1706681
2024-04-23 08:00:00+00:00,1478413
2024-04-23 09:00:00+00:00,775410
2024-04-23 10:00:00+00:00,777421
2024-04-23 11:00:00+00:00,590270
2024-04-23 12:00:00+00:00,374443
2024-04-23 13:00:00+00:00,352756
2024-04-23 14:00:00+00:00,267452
2024-04-23 15:00:00+00:00,359450
2024-04-23 16:00:00+00:00,376743
2024-04-23 17:00:00+00:00,269117
2024-04-23 18:00:00+00:00,304052
2024-04-23 19:00:00+00:00,487466
2024-04-23 20:00:00+00:00,468250
2024-04-23 21:00:00+00:00,245826
2024-04-23 22:00:00+00:00,145680
2024-04-23 23:00:00+00:00,99406
2024-04-24 00:00:00+00:00,266953
2024-04-24 01:00:00+00:00,439227
2024-04-24 02:00:00+00:00,528706
2024-04-24 03:00:00+00:00,936398
2024-04-24 04:00:00+00:00,1000941
2024-04-24 05:00:00+00:00,727354
2024-04-24 06:00:00+00:00,750641
2024-04-24 07:00:00+00:00,662233
2024-04-24 08:00:00+00:00,861422
2024-04-24 09:00:00+00:00,1207409
2024-04-24 10:00:00+00:00,715061
2024-04-24 11:00:00+00:00,673237
2024-04-24 12:00:00+00:00,298199
2024-04-24 13:00:00+00:00,372214
2024-04-24 14:00:00+00:00,264806
2024-04-24 15:00:00+00:00,200569
2024-04-24 16:00:00+00:00,393715
2024-04-24 17:00:00+00:00,394478
2024-04-24 18:00:00+00:00,372440
2024-04-24 19:00:00+00:00,463070
2024-04-24 20:00:00+00:00,595432
2024-04-24 21:00:00+00:00,512349
2024-04-24 22:00:00+00:00,248877
2024-04-24 23:00:00+00:00,268929
2024-04-25 00:00:00+00:00,312003
2024-04-25 01:00:00+00:00,404122
2024-04-25 02:00:00+00:00,730029
2024-04-25 03:00:00+00:00,1098566
2024-04-25 04:00:00+00:00,871061
2024-04-25 05:00:00+00:00,934713
2024-04-25 06:00:00+00:00,678854
2024-04-25 07:00:00+00:00,807285
2024-04-25 08:00:00+00:00,743986
2024-04-25 09:00:00+00:00,861872
2024-04-25 10:00:00+00:00,837779
2024-04-25 11:00:00+00:00,494185
2024-04-25 12:00:00+00:00,398738
2024-04-25 13:00:00+00:00,657791
2024-04-25 14:00:00+00:00,560091
2024-04-25 15:00:00+00:00,194979
2024-04-25 16:00:00+00:00,324149
2024-04-25 17:00:00+00:00,642322
2024-04-25 18:00:00+00:00,538021
2024-04-25 19:00:00+00:00,587497
2024-04-25 20:00:00+00:00,266318
2024-04-25 21:00:00+00:00,241118
2024-04-25 22:00:00+00:00,453617
2024-04-25 23:00:00+00:00,233687
2024-04-26 00:00:00+00:00,282916
2024-04-26 01:00:00+00:00,225521
2024-04-26 02:00:00+00:00,616466
2024-04-26 03:00:00+00:00,997728
2024-04-26 04:00:00+00:00,754832
2024-04-26 05:00:00+00:00,772018
2024-04-26 06:00:00+00:00,531012
2024-04-26 07:00:00+00:00,554956
2024-04-26 08:00:00+00:00,537062
2024-04-26 09:00:00+00:00,499086
2024-04-26 10:00:00+00:00,585047
2024-04-26 11:00:00+00:00,413401
2024-04-26 12:00:00+00:00,284876
2024-04-26 13:00:00+00:00,317403
2024-04-26 14:00:00+00:00,307659
2024-04-26 15:00:00+00:00,385836
2024-04-26 16:00:00+00:00,213700
2024-04-26 17:00:00+00:00,754583
2024-04-26 18:00:00+00:00,640555
2024-04-26 19:00:00+00:00,267242
2024-04-26 20:00:00+00:00,449349
2024-04-26 21:00:00+00:00,378659
2024-04-26 22:00:00+00:00,134403
2024-04-26 23:00:00+00:00,162209
2024-04-27 00:00:00+00:00,206844
2024-04-27 01:00:00+00:00,210411
2024-04-27 02:00:00+00:00,252255
2024-04-27 03:00:00+00:00,239562
2024-04-27 04:00:00+00:00,320717
2024-04-27 05:00:00+00:00,328900
2024-04-27 06:00:00+00:00,332129
2024-04-27 07:00:00+00:00,315113
2024-04-27 08:00:00+00:00,388670
2024-04-27 09:00:00+00:00,334464
2024-04-27 10:00:00+00:00,285570
2024-04-27 11:00:00+00:00,238494
2024-04-27 12:00:00+00:00,413523
2024-04-27 13:00:00+00:00,576022
2024-04-27 14:00:00+00:00,338022
2024-04-27 15:00:00+00:00,318856
2024-04-27 16:00:00+00:00,444645
2024-04-27 17:00:00+00:00,510737
2024-04-27 18:00:00+00:00,389317
2024-04-27 19:00:00+00:00,474958
2024-04-27 20:00:00+00:00,292586
2024-04-27 21:00:00+00:00,423339
2024-04-27 22:00:00+00:00,304643
2024-04-27 23:00:00+00:00,173220
2024-04-28 00:00:00+00:00,235429
2024-04-28 01:00:00+00:00,173692
2024-04-28 02:00:00+00:00,439131
2024-04-28 03:00:00+00:00,349453
2024-04-28 04:00:00+00:00,398680
2024-04-28 05:00:00+00:00,237966
2024-04-28 06:00:00+00:00,336590
2024-04-28 07:00:00+00:00,442938
2024-04-28 08:00:00+00:00,303491
2024-04-28 09:00:00+00:00,241984
2024-04-28 10:00:00+00:00,282391
2024-04-28 11:00:00+00:00,602765
2024-04-28 12:00:00+00:00,372410
2024-04-28 13:00:00+00:00,462364
2024-04-28 14:00:00+00:00,550093
2024-04-28 15:00:00+00:00,426806
2024-04-28 16:00:00+00:00,427128
2024-04-28 17:00:00+00:00,701883
2024-04-28 18:00:00+00:00,368027
2024-04-28 19:00:00+00:00,470954
2024-04-28 20:00:00+00:00,535292
2024-04-28 21:00:00+00:00,438625
2024-04-28 22:00:00+00:00,302342
2024-04-28 23:00:00+00:00,240210
2024-04-29 00:00:00+00:00,217704
2024-04-29 01:00:00+00:00,350675
2024-04-29 02:00:00+00:00,794816
2024-04-29 03:00:00+00:00,1244498
2024-04-29 04:00:00+00:00,728570
2024-04-29 05:00:00+00:00,959207
2024-04-29 06:00:00+00:00,657502
2024-04-29 07:00:00+00:00,865887
2024-04-29 08:00:00+00:00,579272
2024-04-29 09:00:00+00:00,898913
2024-04-29 10:00:00+00:00,1024059
2024-04-29 11:00:00+00:00,393955
2024-04-29 12:00:00+00:00,478683
2024-04-29 13:00:00+00:00,547218
2024-04-29 14:00:00+00:00,325414
2024-04-29 15:00:00+00:00,415779
2024-04-29 16:00:00+00:00,669979
2024-04-29 17:00:00+00:00,393999
2024-04-29 18:00:00+00:00,358443
2024-04-29 19:00:00+00:00,397848
2024-04-29 20:00:00+00:00,504730
2024-04-29 21:00:00+00:00,299965
2024-04-29 22:00:00+00:00,347486
2024-04-29 23:00:00+00:00,160900
2024-04-30 00:00:00+00:00,290951
2024-04-30 01:00:00+00:00,313472
2024-04-30 02:00:00+00:00,602718
2024-04-30 03:00:00+00:00,772317
2024-04-30 04:00:00+00:00,1120628
2024-04-30 05:00:00+00:00,618204
2024-04-30 06:00:00+00:00,617504
2024-04-30 07:00:00+00:00,1011634
2024-04-30 08:00:00+00:00,650218
2024-04-30 09:00:00+00:00,887880
2024-04-30 10:00:00+00:00,692922
2024-04-30 11:00:00+00:00,317927
2024-04-30 12:00:00+00:00,288212
2024-04-30 13:00:00+00:00,307968
2024-04-30 14:00:00+00:00,290510
2024-04-30 15:00:00+00:00,202921
2024-04-30 16:00:00+00:00,271641
2024-04-30 17:00:00+00:00,412406
2024-04-30 18:00:00+00:00,592490
2024-04-30 19:00:00+00:00,354433
2024-04-30 20:00:00+00:00,357534
2024-04-30 21:00:00+00:00,623396
2024-04-30 22:00:00+00:00,217604
2024-04-30 23:00:00+00:00,269969
2024-05-01 00:00:00+00:00,310869
2024-05-01 01:00:00+00:00,137627
2024-05-01 02:00:00+00:00,365548
2024-05-01 03:00:00+00:00,348527
2024-05-01 04:00:00+00:00,298204
2024-05-01 05:00:00+00:00,167260
2024-05-01 06:00:00+00:00,185082
2024-05-01 07:00:00+00:00,502548
2024-05-01 08:00:00+00:00,403283
2024-05-01 09:00:00+00:00,244310
2024-05-01 10:00:00+00:00,243514
2024-05-01 11:00:00+00:00,304274
2024-05-01 12:00:00+00:00,433198
2024-05-01 13:00:00+00:00,342342
2024-05-01 14:00:00+00:00,181712
2024-05-01 15:00:00+00:00,293205
2024-05-01 16:00:00+00:00,282258
2024-05-01 17:00:00+00:00,305072
2024-05-01 18:00:00+00:00,415722
2024-05-01 19:00:00+00:00,434293
2024-05-01 20:00:00+00:00,326454
2024-05-01 21:00:00+00:00,137668
2024-05-01 22:00:00+00:00,174759
2024-05-01 23:00:00+00:00,119102
2024-05-02 00:00:00+00:00,208482
2024-05-02 01:00:00+00:00,318051
2024-05-02 02:00:00+00:00,671238
2024-05-02 03:00:00+00:00,883603
2024-05-02 04:00:00+00:00,831187
2024-05-02 05:00:00+00:00,710121
2024-05-02 06:00:00+00:00,426849
2024-05-02 07:00:00+00:00,725436
2024-05-02 08:00:00+00:00,829083
2024-05-02 09:00:00+00:00,974016
2024-05-02 10:00:00+00:00,573109
2024-05-02 11:00:00+00:00,486662
2024-05-02 12:00:00+00:00,421036
2024-05-02 13:00:00+00:00,535808
2024-05-02 14:00:00+00:00,412712
2024-05-02 15:00:00+00:00,331394
2024-05-02 16:00:00+00:00,399570
2024-05-02 17:00:00+00:00,482263
2024-05-02 18:00:00+00:00,596785
2024-05-02 19:00:00+00:00,769746
2024-05-02 20:00:00+00:00,653115
2024-05-02 21:00:00+00:00,359815
2024-05-02 22:00:00+00:00,366640
2024-05-02 23:00:00+00:00,357574
2024-05-03 00:00:00+00:00,490374
2024-05-03 01:00:00+00:00,359709
2024-05-03 02:00:00+00:00,725551
2024-05-03 03:00:00+00:00,1507032
2024-05-03 04:00:00+00:00,1147453
2024-05-03 05:00:00+00:00,1052711
2024-05-03 06:00:00+00:00,1049970
2024-05-03 07:00:00+00:00,1784399
2024-05-03 08:00:00+00:00,1794268
2024-05-03 09:00:00+00:00,1014108
2024-05-03 10:00:00+00:00,846505
2024-05-03 11:00:00+00:00,408696
2024-05-03 12:00:00+00:00,658990
2024-05-03 13:00:00+00:00,604571
2024-05-03 14:00:00+00:00,536177
2024-05-03 15:00:00+00:00,351396
2024-05-03 16:00:00+00:00,706911
2024-05-03 17:00:00+00:00,574363
2024-05-03 18:00:00+00:00,447790
2024-05-03 19:00:00+00:00,336660
2024-05-03 20:00:00+00:00,323901
2024-05-03 21:00:00+00:00,256497
2024-05-03 22:00:00+00:00,291997
2024-05-03 23:00:00+00:00,248136
2024-05-04 00:00:00+00:00,469765
2024-05-04 01:00:00+00:00,260222
2024-05-04 02:00:00+00:00,253888
2024-05-04 03:00:00+00:00,337409
2024-05-04 04:00:00+00:00,452629
2024-05-04 05:00:00+00:00,626922
2024-05-04 06:00:00+00:00,790686
2024-05-04 07:00:00+00:00,815736
2024-05-04 08:00:00+00:00,703556
2024-05-04 09:00:00+00:00,773071
2024-05-04 10:00:00+00:00,447855
2024-05-04 11:00:00+00:00,383134
2024-05-04 12:00:00+00:00,380363
2024-05-04 13:00:00+00:00,586931
2024-05-04 14:00:00+00:00,376484
2024-05-04 15:00:00+00:00,418616
2024-05-04 16:00:00+00:00,500582
2024-05-04 17:00:00+00:00,381409
2024-05-04 18:00:00+00:00,817701
2024-05-04 19:00:00+00:00,362078
2024-05-04 20:00:00+00:00,824664
2024-05-04 21:00:00+00:00,566932
2024-05-04 22:00:00+00:00,267731
2024-05-04 23:00:00+00:00,469670
2024-05-05 00:00:00+00:00,277199
2024-05-05 01:00:00+00:00,300916
2024-05-05 02:00:00+00:00,405902
2024-05-05 03:00:00+00:00,319426
2024-05-05 04:00:00+00:00,421013
2024-05-05 05:00:00+00:00,445814
2024-05-05 06:00:00+00:00,356627
2024-05-05 07:00:00+00:00,488250
2024-05-05 08:00:00+00:00,557320
2024-05-05 09:00:00+00:00,577072
2024-05-05 10:00:00+00:00,545753
2024-05-05 11:00:00+00:00,821421
2024-05-05 12:00:00+00:00,1016869
2024-05-05 13:00:00+00:00,466748
2024-05-05 14:00:00+00:00,349163
2024-05-05 15:00:00+00:00,536205
2024-05-05 16:00:00+00:00,592865
2024-05-05 17:00:00+00:00,721424
2024-05-05 18:00:00+00:00,411023
2024-05-05 19:00:00+00:00,866632
2024-05-05 20:00:00+00:00,876552
2024-05-05 21:00:00+00:00,606116
2024-05-05 22:00:00+00:00,304822
2024-05-05 23:00:00+00:00,303755
2024-05-06 00:00:00+00:00,410677
2024-05-06 01:00:00+00:00,673135
2024-05-06 02:00:00+00:00,1075492
2024-05-06 03:00:00+00:00,1326950
2024-05-06 04:00:00+00:00,902061
2024-05-06 05:00:00+00:00,1020696
2024-05-06 06:00:00+00:00,979998
2024-05-06 07:00:00+00:00,773225
2024-05-06 08:00:00+00:00,816507
2024-05-06 09:00:00+00:00,1002131
2024-05-06 10:00:00+00:00,645915
2024-05-06 11:00:00+00:00,369546
2024-05-06 12:00:00+00:00,588476
2024-05-06 13:00:00+00:00,421319
2024-05-06 14:00:00+00:00,1196105
2024-05-06 15:00:00+00:00,267720
2024-05-06 16:00:00+00:00,364186
2024-05-06 17:00:00+00:00,380951
2024-05-06 18:00:00+00:00,567991
2024-05-06 19:00:00+00:00,759085
2024-05-06 20:00:00+00:00,321696
2024-05-06 21:00:00+00:00,438266
2024-05-06 22:00:00+00:00,374090
2024-05-06 23:00:00+00:00,313697
2024-05-07 00:00:00+00:00,348154
2024-05-07 01:00:00+00:00,415450
2024-05-07 02:00:00+00:00,1315458
2024-05-07 03:00:00+00:00,1392516
2024-05-07 04:00:00+00:00,970937
2024-05-07 05:00:00+00:00,1029266
2024-05-07 06:00:00+00:00,827573
2024-05-07 07:00:00+00:00,1462647
2024-05-07 08:00:00+00:00,1207334
2024-05-07 09:00:00+00:00,1273076
2024-05-07 10:00:00+00:00,742701
2024-05-07 11:00:00+00:00,829382
2024-05-07 12:00:00+00:00,575459
2024-05-07 13:00:00+00:00,409594
2024-05-07 14:00:00+00:00,506395
2024-05-07 15:00:00+00:00,303167
2024-05-07 16:00:00+00:00,421169
2024-05-07 17:00:00+00:00,423098
2024-05-07 18:00:00+00:00,517329
2024-05-07 19:00:00+00:00,449476
2024-05-07 20:00:00+00:00,749018
2024-05-07 21:00:00+00:00,1000446
2024-05-07 22:00:00+00:00,278490
2024-05-07 23:00:00+00:00,396178
2024-05-08 00:00:00+00:00,342654
2024-05-08 01:00:00+00:00,303961
2024-05-08 02:00:00+00:00,295329
2024-05-08 03:00:00+00:00,495209
2024-05-08 04:00:00+00:00,381472
2024-05-08 05:00:00+00:00,358528
2024-05-08 06:00:00+00:00,409734
2024-05-08 07:00:00+00:00,347411
2024-05-08 08:00:00+00:00,486520
2024-05-08 09:00:00+00:00,451375
2024-05-08 10:00:00+00:00,644704
2024-05-08 11:00:00+00:00,473849
2024-05-08 12:00:00+00:00,282498
2024-05-08 13:00:00+00:00,1201743
2024-05-08 14:00:00+00:00,380251
2024-05-08 15:00:00+00:00,457206
2024-05-08 16:00:00+00:00,703205
2024-05-08 17:00:00+00:00,397990
2024-05-08 18:00:00+00:00,629298
2024-05-08 19:00:00+00:00,604006
2024-05-08 20:00:00+00:00,431259
2024-05-08 21:00:00+00:00,760053
2024-05-08 22:00:00+00:00,404984
2024-05-08 23:00:00+00:00,388094
2024-05-09 00:00:00+00:00,360649
2024-05-09 01:00:00+00:00,504312
2024-05-09 02:00:00+00:00,912111
2024-05-09 03:00:00+00:00,1285289
2024-05-09 04:00:00+00:00,881194
2024-05-09 05:00:00+00:00,1123857
2024-05-09 06:00:00+00:00,869840
2024-05-09 07:00:00+00:00,642996
2024-05-09 08:00:00+00:00,601835
2024-05-09 09:00:00+00:00,636374
2024-05-09 10:00:00+00:00,517522
2024-05-09 11:00:00+00:00,309078
2024-05-09 12:00:00+00:00,472411
2024-05-09 13:00:00+00:00,416399
2024-05-09 14:00:00+00:00,287977
2024-05-09 15:00:00+00:00,349275
2024-05-09 16:00:00+00:00,396682
2024-05-09 17:00:00+00:00,427433
2024-05-09 18:00:00+00:00,1157144
2024-05-09 19:00:00+00:00,1457059
2024-05-09 20:00:00+00:00,718883
2024-05-09 21:00:00+00:00,595907
2024-05-09 22:00:00+00:00,249867
2024-05-09 23:00:00+00:00,363880
2024-05-10 00:00:00+00:00,361972
2024-05-10 01:00:00+00:00,378687
2024-05-10 02:00:00+00:00,809987
2024-05-10 03:00:00+00:00,1167951
2024-05-10 04:00:00+00:00,811059
2024-05-10 05:00:00+00:00,1395071
2024-05-10 06:00:00+00:00,1480778
2024-05-10 07:00:00+00:00,1635028
2024-05-10 08:00:00+00:00,1045585
2024-05-10 09:00:00+00:00,932790
2024-05-10 10:00:00+00:00,904459
2024-05-10 11:00:00+00:00,552536
2024-05-10 12:00:00+00:00,555689
2024-05-10 13:00:00+00:00,723736
2024-05-10 14:00:00+00:00,649690
2024-05-10 15:00:00+00:00,687055
2024-05-10 16:00:00+00:00,1231217
2024-05-10 17:00:00+00:00,1267828
2024-05-10 18:00:00+00:00,951737
2024-05-10 19:00:00+00:00,1305318
2024-05-10 20:00:00+00:00,611072
2024-05-10 21:00:00+00:00,443883
2024-05-10 22:00:00+00:00,378091
2024-05-10 23:00:00+00:00,399042
2024-05-11 00:00:00+00:00,526103
2024-05-11 01:00:00+00:00,343439
2024-05-11 02:00:00+00:00,472355
2024-05-11 03:00:00+00:00,433645
2024-05-11 04:00:00+00:00,633597
2024-05-11 05:00:00+00:00,470355
2024-05-11 06:00:00+00:00,760755
2024-05-11 07:00:00+00:00,476254
2024-05-11 08:00:00+00:00,454635
2024-05-11 09:00:00+00:00,379440
2024-05-11 10:00:00+00:00,384420
2024-05-11 11:00:00+00:00,440642
2024-05-11 12:00:00+00:00,472297
2024-05-11 13:00:00+00:00,452730
2024-05-11 14:00:00+00:00,543569
2024-05-11 15:00:00+00:00,556489
2024-05-11 16:00:00+00:00,765205
2024-05-11 17:00:00+00:00,1222619
2024-05-11 18:00:00+00:00,1228441
2024-05-11 19:00:00+00:00,686584
2024-05-11 20:00:00+00:00,658467
2024-05-11 21:00:00+00:00,748902
2024-05-11 22:00:00+00:00,363610
2024-05-11 23:00:00+00:00,344213
2024-05-12 00:00:00+00:00,239341
2024-05-12 01:00:00+00:00,297081
2024-05-12 02:00:00+00:00,247723
2024-05-12 03:00:00+00:00,320603
2024-05-12 04:00:00+00:00,627871
2024-05-12 05:00:00+00:00,351907
2024-05-12 06:00:00+00:00,301834
2024-05-12 07:00:00+00:00,392971
2024-05-12 08:00:00+00:00,363244
2024-05-12 09:00:00+00:00,868214
2024-05-12 10:00:00+00:00,638107
2024-05-12 11:00:00+00:00,615073
2024-05-12 12:00:00+00:00,360678
2024-05-12 13:00:00+00:00,363116
2024-05-12 14:00:00+00:00,224280
2024-05-12 15:00:00+00:00,240840
2024-05-12 16:00:00+00:00,297537
2024-05-12 17:00:00+00:00,305011
2024-05-12 18:00:00+00:00,574593
2024-05-12 19:00:00+00:00,435566
2024-05-12 20:00:00+00:00,332890
2024-05-12 21:00:00+00:00,246591
2024-05-12 22:00:00+00:00,274394
2024-05-12 23:00:00+00:00,236576
2024-05-13 00:00:00+00:00,164036
2024-05-13 01:00:00+00:00,264311
2024-05-13 02:00:00+00:00,889874
2024-05-13 03:00:00+00:00,1316424
2024-05-13 04:00:00+00:00,1026454
2024-05-13 05:00:00+00:00,717289
2024-05-13 06:00:00+00:00,526930
2024-05-13 07:00:00+00:00,814217
2024-05-13 08:00:00+00:00,798394
2024-05-13 09:00:00+00:00,1022750
2024-05-13 10:00:00+00:00,1191078
2024-05-13 11:00:00+00:00,350642
2024-05-13 12:00:00+00:00,598733
2024-05-13 13:00:00+00:00,660012
2024-05-13 14:00:00+00:00,523752
2024-05-13 15:00:00+00:00,527847
2024-05-13 16:00:00+00:00,530403
2024-05-13 17:00:00+00:00,614846
2024-05-13 18:00:00+00:00,718685
2024-05-13 19:00:00+00:00,616089
2024-05-13 20:00:00+00:00,328854
2024-05-13 21:00:00+00:00,375448
2024-05-13 22:00:00+00:00,530709
2024-05-13 23:00:00+00:00,357363
2024-05-14 00:00:00+00:00,469057
2024-05-14 01:00:00+00:00,333869
2024-05-14 02:00:00+00:00,546864
2024-05-14 03:00:00+00:00,1597611
2024-05-14 04:00:00+00:00,690166
2024-05-14 05:00:00+00:00,1225720
2024-05-14 06:00:00+00:00,795412
2024-05-14 07:00:00+00:00,737030
2024-05-14 08:00:00+00:00,896040
2024-05-14 09:00:00+00:00,888232
2024-05-14 10:00:00+00:00,884835
2024-05-14 11:00:00+00:00,727697
2024-05-14 12:00:00+00:00,378435
2024-05-14 13:00:00+00:00,392151
2024-05-14 14:00:00+00:00,394804
2024-05-14 15:00:00+00:00,392650
2024-05-14 16:00:00+00:00,571776
2024-05-14 17:00:00+00:00,539774
2024-05-14 18:00:00+00:00,414405
2024-05-14 19:00:00+00:00,346843
2024-05-14 20:00:00+00:00,533859
2024-05-14 21:00:00+00:00,548280
2024-05-14 22:00:00+00:00,475390
2024-05-14 23:00:00+00:00,450732
2024-05-15 00:00:00+00:00,272659
2024-05-15 01:00:00+00:00,467641
2024-05-15 02:00:00+00:00,1087640
2024-05-15 03:00:00+00:00,1368176
2024-05-15 04:00:00+00:00,682938
2024-05-15 05:00:00+00:00,882781
2024-05-15 06:00:00+00:00,716188
2024-05-15 07:00:00+00:00,651377
2024-05-15 08:00:00+00:00,1369225
2024-05-15 09:00:00+00:00,920948
2024-05-15 10:00:00+00:00,682278
2024-05-15 11:00:00+00:00,562295
2024-05-15 12:00:00+00:00,909993
2024-05-15 13:00:00+00:00,835903
2024-05-15 14:00:00+00:00,1084718
2024-05-15 15:00:00+00:00,1021195
2024-05-15 16:00:00+00:00,1302498
2024-05-15 17:00:00+00:00,1357729
2024-05-15 18:00:00+00:00,1438098
2024-05-15 19:00:00+00:00,805424
2024-05-15 20:00:00+00:00,632705
2024-05-15 21:00:00+00:00,571447
2024-05-15 22:00:00+00:00,513567
2024-05-15 23:00:00+00:00,360244
2024-05-16 00:00:00+00:00,721484
2024-05-16 01:00:00+00:00,745797
2024-05-16 02:00:00+00:00,965038
2024-05-16 03:00:00+00:00,1362621
2024-05-16 04:00:00+00:00,1037772
2024-05-16 05:00:00+00:00,1108260
2024-05-16 06:00:00+00:00,818664
2024-05-16 07:00:00+00:00,1451494
2024-05-16 08:00:00+00:00,848354
2024-05-16 09:00:00+00:00,1230368
2024-05-16 10:00:00+00:00,948657
2024-05-16 11:00:00+00:00,503194
2024-05-16 12:00:00+00:00,772462
2024-05-16 13:00:00+00:00,629774
2024-05-16 14:00:00+00:00,668222
2024-05-16 15:00:00+00:00,1754951
2024-05-16 16:00:00+00:00,819992
2024-05-16 17:00:00+00:00,1060932
2024-05-16 18:00:00+00:00,731178
2024-05-16 19:00:00+00:00,552886
2024-05-16 20:00:00+00:00,642176
2024-05-16 21:00:00+00:00,507388
2024-05-16 22:00:00+00:00,370056
2024-05-16 23:00:00+00:00,325387
2024-05-17 00:00:00+00:00,254551
2024-05-17 01:00:00+00:00,367760
2024-05-17 02:00:00+00:00,728005
2024-05-17 03:00:00+00:00,903886
2024-05-17 04:00:00+00:00,893311
2024-05-17 05:00:00+00:00,814877
2024-05-17 06:00:00+00:00,544714
2024-05-17 07:00:00+00:00,1856635
2024-05-17 08:00:00+00:00,844180
2024-05-17 09:00:00+00:00,969807
2024-05-17 10:00:00+00:00,847696
2024-05-17 11:00:00+00:00,568031
2024-05-17 12:00:00+00:00,507512
2024-05-17 13:00:00+00:00,594969
2024-05-17 14:00:00+00:00,668819
2024-05-17 15:00:00+00:00,597594
2024-05-17 16:00:00+00:00,1089068
2024-05-17 17:00:00+00:00,1651008
2024-05-17 18:00:00+00:00,1261682
2024-05-17 19:00:00+00:00,664719
2024-05-17 20:00:00+00:00,1077653
2024-05-17 21:00:00+00:00,800660
2024-05-17 22:00:00+00:00,601497
2024-05-17 23:00:00+00:00,643533
2024-05-18 00:00:00+00:00,243544
2024-05-18 01:00:00+00:00,353277
2024-05-18 02:00:00+00:00,610468
2024-05-18 03:00:00+00:00,476806
2024-05-18 04:00:00+00:00,393753
2024-05-18 05:00:00+00:00,487249
2024-05-18 06:00:00+00:00,737594
2024-05-18 07:00:00+00:00,680119
2024-05-18 08:00:00+00:00,517801
2024-05-18 09:00:00+00:00,490540
2024-05-18 10:00:00+00:00,399999
2024-05-18 11:00:00+00:00,461745
2024-05-18 12:00:00+00:00,858070
2024-05-18 13:00:00+00:00,596560
2024-05-18 14:00:00+00:00,778091
2024-05-18 15:00:00+00:00,915176
2024-05-18 16:00:00+00:00,1349175
2024-05-18 17:00:00+00:00,1811173
2024-05-18 18:00:00+00:00,1695324
2024-05-18 19:00:00+00:00,1103134
2024-05-18 20:00:00+00:00,1192737
2024-05-18 21:00:00+00:00,678450
2024-05-18 22:00:00+00:00,575475
2024-05-18 23:00:00+00:00,634799
2024-05-19 00:00:00+00:00,373694
2024-05-19 01:00:00+00:00,256843
2024-05-19 02:00:00+00:00,422770
2024-05-19 03:00:00+00:00,486112
2024-05-19 04:00:00+00:00,474149
2024-05-19 05:00:00+00:00,302957
2024-05-19 06:00:00+00:00,330396
2024-05-19 07:00:00+00:00,651509
2024-05-19 08:00:00+00:00,1008196
2024-05-19 09:00:00+00:00,1512980
2024-05-19 10:00:00+00:00,1737402
2024-05-19 11:00:00+00:00,1012466
2024-05-19 12:00:00+00:00,940135
2024-05-19 13:00:00+00:00,275501
2024-05-19 14:00:00+00:00,682299
2024-05-19 15:00:00+00:00,457656
2024-05-19 16:00:00+00:00,675392
2024-05-19 17:00:00+00:00,435718
2024-05-19 18:00:00+00:00,442132
2024-05-19 19:00:00+00:00,605963
2024-05-19 20:00:00+00:00,582211
2024-05-19 21:00:00+00:00,305538
2024-05-19 22:00:00+00:00,399178
2024-05-19 23:00:00+00:00,359608
2024-05-20 00:00:00+00:00,319962
2024-05-20 01:00:00+00:00,545383
2024-05-20 02:00:00+00:00,601259
2024-05-20 03:00:00+00:00,1315034
2024-05-20 04:00:00+00:00,847801
2024-05-20 05:00:00+00:00,1169807
2024-05-20 06:00:00+00:00,705410
2024-05-20 07:00:00+00:00,1151302
2024-05-20 08:00:00+00:00,981592
2024-05-20 09:00:00+00:00,888912
2024-05-20 10:00:00+00:00,768043
2024-05-20 11:00:00+00:00,618414
2024-05-20 12:00:00+00:00,496085
2024-05-20 13:00:00+00:00,439967
2024-05-20 14:00:00+00:00,223841
2024-05-20 15:00:00+00:00,219543
2024-05-20 16:00:00+00:00,555728
2024-05-20 17:00:00+00:00,580985
2024-05-20 18:00:00+00:00,543380
2024-05-20 19:00:00+00:00,492126
2024-05-20 20:00:00+00:00,996787
2024-05-20 21:00:00+00:00,457905
2024-05-20 22:00:00+00:00,335075
2024-05-20 23:00:00+00:00,376566
2024-05-21 00:00:00+00:00,404341
2024-05-21 01:00:00+00:00,396367
2024-05-21 02:00:00+00:00,721268
2024-05-21 03:00:00+00:00,1232097
2024-05-21 04:00:00+00:00,864939
2024-05-21 05:00:00+00:00,864362
2024-05-21 06:00:00+00:00,864941
2024-05-21 07:00:00+00:00,784640
2024-05-21 08:00:00+00:00,883917
2024-05-21 09:00:00+00:00,1148130
2024-05-21 10:00:00+00:00,1003053
2024-05-21 11:00:00+00:00,617911
2024-05-21 12:00:00+00:00,6288631
2024-05-21 13:00:00+00:00,21121851
2024-05-21 14:00:00+00:00,21268796
2024-05-21 15:00:00+00:00,21996651
2024-05-21 16:00:00+00:00,21618847
2024-05-21 17:00:00+00:00,22783801
2024-05-21 18:00:00+00:00,24249425
2024-05-21 19:00:00+00:00,24969515
2024-05-21 20:00:00+00:00,25596429
2024-05-21 21:00:00+00:00,25714461
2024-05-21 22:00:00+00:00,25575700
2024-05-21 23:00:00+00:00,26003568
2024-05-22 00:00:00+00:00,26017971
2024-05-22 01:00:00+00:00,25617600
2024-05-22 02:00:00+00:00,24034784
2024-05-22 03:00:00+00:00,22837213
2024-05-22 04:00:00+00:00,21036407
2024-05-22 05:00:00+00:00,20383881
2024-05-22 06:00:00+00:00,19897131
2024-05-22 07:00:00+00:00,19998658
2024-05-22 08:00:00+00:00,19137092
2024-05-22 09:00:00+00:00,18682775
2024-05-22 10:00:00+00:00,14246709
2024-05-22 11:00:00+00:00,4821593
2024-05-22 12:00:00+00:00,12842562
2024-05-22 13:00:00+00:00,16581781
2024-05-22 14:00:00+00:00,20084110
2024-05-22 15:00:00+00:00,15272574
2024-05-22 16:00:00+00:00,20764298
2024-05-22 17:00:00+00:00,20268542
2024-05-22 18:00:00+00:00,23000268
2024-05-22 19:00:00+00:00,23185722
2024-05-22 20:00:00+00:00,23606270
2024-05-22 21:00:00+00:00,23845158
2024-05-22 22:00:00+00:00,23885710
2024-05-22 23:00:00+00:00,23673327
2024-05-23 00:00:00+00:00,23855283
2024-05-23 01:00:00+00:00,22464160
2024-05-23 02:00:00+00:00,22317039
2024-05-23 03:00:00+00:00,20629818
2024-05-23 04:00:00+00:00,4166537
2024-05-23 05:00:00+00:00,3688533
2024-05-23 06:00:00+00:00,3256852
2024-05-23 07:00:00+00:00,4877592
2024-05-23 08:00:00+00:00,8437560
2024-05-23 09:00:00+00:00,19446617
2024-05-23 10:00:00+00:00,19306164
2024-05-23 11:00:00+00:00,19188521
2024-05-23 12:00:00+00:00,20861527
2024-05-23 13:00:00+00:00,7667240
2024-05-23 14:00:00+00:00,16880669
2024-05-23 15:00:00+00:00,21852905
2024-05-23 16:00:00+00:00,22587827
2024-05-23 17:00:00+00:00,22340415
2024-05-23 18:00:00+00:00,23363006
2024-05-23 19:00:00+00:00,23656402
2024-05-23 20:00:00+00:00,23845659
2024-05-23 21:00:00+00:00,24510157
2024-05-23 22:00:00+00:00,24682803
2024-05-23 23:00:00+00:00,25209258
2024-05-24 00:00:00+00:00,23864202
2024-05-24 01:00:00+00:00,24644523
2024-05-24 02:00:00+00:00,23452810
2024-05-24 03:00:00+00:00,23606476
2024-05-24 04:00:00+00:00,21661922
2024-05-24 05:00:00+00:00,19919414
2024-05-24 06:00:00+00:00,18906635
2024-05-24 07:00:00+00:00,18726874
2024-05-24 08:00:00+00:00,17465963
2024-05-24 09:00:00+00:00,18594792
2024-05-24 10:00:00+00:00,18601571
2024-05-24 11:00:00+00:00,19104335
2024-05-24 12:00:00+00:00,18889055
2024-05-24 13:00:00+00:00,11494621
2024-05-24 14:00:00+00:00,17513700
2024-05-24 15:00:00+00:00,21806092
2024-05-24 16:00:00+00:00,19084523
2024-05-24 17:00:00+00:00,18966998
2024-05-24 18:00:00+00:00,19076699
2024-05-24 19:00:00+00:00,19712320
2024-05-24 20:00:00+00:00,19247799
2024-05-24 21:00:00+00:00,18714372
2024-05-24 22:00:00+00:00,19163843
2024-05-24 23:00:00+00:00,19151201
2024-05-25 00:00:00+00:00,18878004
2024-05-25 01:00:00+00:00,19484295
2024-05-25 02:00:00+00:00,19092358
2024-05-25 03:00:00+00:00,18815711
2024-05-25 04:00:00+00:00,5507591
2024-05-25 05:00:00+00:00,4967735
2024-05-25 06:00:00+00:00,16458361
2024-05-25 07:00:00+00:00,17833345
2024-05-25 08:00:00+00:00,16988358
2024-05-25 09:00:00+00:00,18313991
2024-05-25 10:00:00+00:00,18523092
2024-05-25 11:00:00+00:00,17829900
2024-05-25 12:00:00+00:00,16085319
2024-05-25 13:00:00+00:00,16310075
2024-05-25 14:00:00+00:00,15929815
2024-05-25 15:00:00+00:00,14356761
2024-05-25 16:00:00+00:00,17935303
2024-05-25 17:00:00+00:00,18499041
2024-05-25 18:00:00+00:00,18511433
2024-05-25 19:00:00+00:00,20241629
2024-05-25 20:00:00+00:00,20603794
2024-05-25 21:00:00+00:00,20970785
2024-05-25 22:00:00+00:00,21003843
2024-05-25 23:00:00+00:00,21016572
2024-05-26 00:00:00+00:00,21285836
2024-05-26 01:00:00+00:00,21623076
2024-05-26 02:00:00+00:00,21185320
2024-05-26 03:00:00+00:00,19478409
2024-05-26 04:00:00+00:00,18295995
2024-05-26 05:00:00+00:00,17821132
2024-05-26 06:00:00+00:00,16552274
2024-05-26 07:00:00+00:00,16197877
2024-05-26 08:00:00+00:00,19294671
2024-05-26 09:00:00+00:00,19725988
2024-05-26 10:00:00+00:00,20471896
2024-05-26 11:00:00+00:00,21766066
2024-05-26 12:00:00+00:00,21054000
2024-05-26 13:00:00+00:00,21885009
2024-05-26 14:00:00+00:00,20055393
2024-05-26 15:00:00+00:00,23090864
2024-05-26 16:00:00+00:00,24089521
2024-05-26 17:00:00+00:00,24903003
2024-05-26 18:00:00+00:00,24642333
2024-05-26 19:00:00+00:00,25371788
2024-05-26 20:00:00+00:00,24887465
2024-05-26 21:00:00+00:00,25795434
2024-05-26 22:00:00+00:00,25639853
2024-05-26 23:00:00+00:00,24952139
2024-05-27 00:00:00+00:00,25783399
2024-05-27 01:00:00+00:00,26214916
2024-05-27 02:00:00+00:00,23983701
2024-05-27 03:00:00+00:00,21475243
2024-05-27 04:00:00+00:00,20787999
2024-05-27 05:00:00+00:00,19391401
2024-05-27 06:00:00+00:00,19650899
2024-05-27 07:00:00+00:00,18794232
2024-05-27 08:00:00+00:00,18565872
2024-05-27 09:00:00+00:00,19009347
2024-05-27 10:00:00+00:00,18047996
2024-05-27 11:00:00+00:00,18171911
2024-05-27 12:00:00+00:00,14614263
2024-05-27 13:00:00+00:00,16895460
2024-05-27 14:00:00+00:00,15282843
2024-05-27 15:00:00+00:00,19968991
2024-05-27 16:00:00+00:00,19388753
2024-05-27 17:00:00+00:00,21718861
2024-05-27 18:00:00+00:00,21579895
2024-05-27 19:00:00+00:00,22160785
2024-05-27 20:00:00+00:00,22432111
2024-05-27 21:00:00+00:00,22670996
2024-05-27 22:00:00+00:00,22369049
2024-05-27 23:00:00+00:00,22049138
2024-05-28 00:00:00+00:00,22276270
2024-05-28 01:00:00+00:00,22036921
2024-05-28 02:00:00+00:00,21201994
2024-05-28 03:00:00+00:00,19288393
2024-05-28 04:00:00+00:00,17137667
2024-05-28 05:00:00+00:00,15922220
2024-05-28 06:00:00+00:00,15860549
2024-05-28 07:00:00+00:00,15493189
2024-05-28 08:00:00+00:00,15756869
2024-05-28 09:00:00+00:00,16263290
2024-05-28 10:00:00+00:00,16781501
2024-05-28 11:00:00+00:00,16470726
2024-05-28 12:00:00+00:00,17353604
2024-05-28 13:00:00+00:00,18274391
2024-05-28 14:00:00+00:00,18925798
2024-05-28 15:00:00+00:00,21407771
2024-05-28 16:00:00+00:00,22098794
2024-05-28 17:00:00+00:00,20975227
2024-05-28 18:00:00+00:00,21566566
2024-05-28 19:00:00+00:00,22995380
2024-05-28 20:00:00+00:00,22898862
2024-05-28 21:00:00+00:00,23070738
2024-05-28 22:00:00+00:00,21841668
2024-05-28 23:00:00+00:00,22682680
2024-05-29 00:00:00+00:00,23002311
2024-05-29 01:00:00+00:00,21284900
2024-05-29 02:00:00+00:00,19666112
2024-05-29 03:00:00+00:00,19791637
2024-05-29 04:00:00+00:00,17880556
2024-05-29 05:00:00+00:00,18793868
2024-05-29 06:00:00+00:00,16736029
2024-05-29 07:00:00+00:00,17043043
2024-05-29 08:00:00+00:00,19469138
2024-05-29 09:00:00+00:00,19727786
2024-05-29 10:00:00+00:00,19549564
2024-05-29 11:00:00+00:00,20541951
2024-05-29 12:00:00+00:00,19120425
2024-05-29 13:00:00+00:00,18435195
2024-05-29 14:00:00+00:00,18082311
2024-05-29 15:00:00+00:00,18569196
2024-05-29 16:00:00+00:00,19225712
2024-05-29 17:00:00+00:00,19826174
2024-05-29 18:00:00+00:00,18896926
2024-05-29 19:00:00+00:00,18797526
2024-05-29 20:00:00+00:00,19752986
2024-05-29 21:00:00+00:00,20641720
2024-05-29 22:00:00+00:00,21091878
2024-05-29 23:00:00+00:00,20855079
2024-05-30 00:00:00+00:00,18865258
2024-05-30 01:00:00+00:00,21898725
2024-05-30 02:00:00+00:00,21279269
2024-05-30 03:00:00+00:00,20121111
2024-05-30 04:00:00+00:00,19212990
2024-05-30 05:00:00+00:00,18106696
2024-05-30 06:00:00+00:00,18027439
2024-05-30 07:00:00+00:00,18868880
2024-05-30 08:00:00+00:00,18606995
2024-05-30 09:00:00+00:00,17860870
2024-05-30 10:00:00+00:00,17625436
2024-05-30 11:00:00+00:00,18518732
2024-05-30 12:00:00+00:00,18563800
2024-05-30 13:00:00+00:00,18230590
2024-05-30 14:00:00+00:00,18972376
2024-05-30 15:00:00+00:00,18131298
2024-05-30 16:00:00+00:00,17811945
2024-05-30 17:00:00+00:00,18049332
2024-05-30 18:00:00+00:00,20112671
2024-05-30 19:00:00+00:00,20023672
2024-05-30 20:00:00+00:00,19141371
2024-05-30 21:00:00+00:00,19795613
2024-05-30 22:00:00+00:00,19680149
2024-05-30 23:00:00+00:00,19068052
2024-05-31 00:00:00+00:00,19038000
2024-05-31 01:00:00+00:00,18698253
2024-05-31 02:00:00+00:00,20188426
2024-05-31 03:00:00+00:00,19824049
2024-05-31 04:00:00+00:00,18299238
2024-05-31 05:00:00+00:00,18082242
2024-05-31 06:00:00+00:00,17231217
2024-05-31 07:00:00+00:00,17664698
2024-05-31 08:00:00+00:00,17274420
2024-05-31 09:00:00+00:00,18580970
2024-05-31 10:00:00+00:00,18681417
2024-05-31 11:00:00+00:00,18994215
2024-05-31 12:00:00+00:00,17430695
2024-05-31 13:00:00+00:00,19050100
2024-05-31 14:00:00+00:00,19812943
2024-05-31 15:00:00+00:00,19355741
2024-05-31 16:00:00+00:00,19679743
2024-05-31 17:00:00+00:00,22931541
2024-05-31 18:00:00+00:00,22857797
2024-05-31 19:00:00+00:00,22201697
2024-05-31 20:00:00+00:00,22798918
2024-05-31 21:00:00+00:00,24554928
2024-05-31 22:00:00+00:00,24346577
2024-05-31 23:00:00+00:00,24398063
2024-06-01 00:00:00+00:00,24240340
2024-06-01 01:00:00+00:00,24236171
2024-06-01 02:00:00+00:00,23228612
2024-06-01 03:00:00+00:00,21642852
2024-06-01 04:00:00+00:00,22342566
2024-06-01 05:00:00+00:00,21884412
2024-06-01 06:00:00+00:00,21484204
2024-06-01 07:00:00+00:00,20398717
2024-06-01 08:00:00+00:00,18785497
2024-06-01 09:00:00+00:00,18920260
2024-06-01 10:00:00+00:00,18104895
2024-06-01 11:00:00+00:00,18245874
2024-06-01 12:00:00+00:00,18098708
2024-06-01 13:00:00+00:00,18257574
2024-06-01 14:00:00+00:00,19444211
2024-06-01 15:00:00+00:00,19789782
2024-06-01 16:00:00+00:00,19724380
2024-06-01 17:00:00+00:00,19790385
2024-06-01 18:00:00+00:00,21833193
2024-06-01 19:00:00+00:00,21764812
2024-06-01 20:00:00+00:00,22125705
2024-06-01 21:00:00+00:00,21190114
2024-06-01 22:00:00+00:00,20353615
2024-06-01 23:00:00+00:00,20123848
2024-06-02 00:00:00+00:00,20047001
2024-06-02 01:00:00+00:00,20029252
2024-06-02 02:00:00+00:00,19277225
2024-06-02 03:00:00+00:00,18500060
2024-06-02 04:00:00+00:00,17098634
2024-06-02 05:00:00+00:00,17459317
2024-06-02 06:00:00+00:00,17345527
2024-06-02 07:00:00+00:00,17923658
2024-06-02 08:00:00+00:00,17837630
2024-06-02 09:00:00+00:00,18836005
2024-06-02 10:00:00+00:00,17453868
2024-06-02 11:00:00+00:00,17596058
2024-06-02 12:00:00+00:00,18478925
2024-06-02 13:00:00+00:00,17829558
2024-06-02 14:00:00+00:00,17954717
2024-06-02 15:00:00+00:00,19996136
2024-06-02 16:00:00+00:00,13930348
2024-06-02 17:00:00+00:00,15335228
2024-06-02 18:00:00+00:00,21184422
2024-06-02 19:00:00+00:00,20670992
2024-06-02 20:00:00+00:00,19700132
2024-06-02 21:00:00+00:00,22462729
2024-06-02 22:00:00+00:00,22072346
2024-06-02 23:00:00+00:00,22059882
2024-06-03 00:00:00+00:00,23047691
2024-06-03 01:00:00+00:00,22468380
2024-06-03 02:00:00+00:00,21063221
2024-06-03 03:00:00+00:00,19702295
2024-06-03 04:00:00+00:00,17770787
2024-06-03 05:00:00+00:00,18037350
2024-06-03 06:00:00+00:00,16840185
2024-06-03 07:00:00+00:00,17262620
2024-06-03 08:00:00+00:00,16661967
2024-06-03 09:00:00+00:00,16837158
2024-06-03 10:00:00+00:00,17181843
2024-06-03 11:00:00+00:00,17127256
2024-06-03 12:00:00+00:00,19092226
2024-06-03 13:00:00+00:00,19439295
2024-06-03 14:00:00+00:00,19266439
2024-06-03 15:00:00+00:00,18902079
2024-06-03 16:00:00+00:00,18780087
2024-06-03 17:00:00+00:00,19224736
2024-06-03 18:00:00+00:00,20848074
2024-06-03 19:00:00+00:00,20749708
2024-06-03 20:00:00+00:00,20002408
2024-06-03 21:00:00+00:00,20945145
2024-06-03 22:00:00+00:00,20133961
2024-06-03 23:00:00+00:00,21466974
2024-06-04 00:00:00+00:00,21207943
2024-06-04 01:00:00+00:00,21081076
2024-06-04 02:00:00+00:00,19955989
2024-06-04 03:00:00+00:00,18523149
2024-06-04 04:00:00+00:00,17398371
2024-06-04 05:00:00+00:00,16642560
2024-06-04 06:00:00+00:00,16683338
2024-06-04 07:00:00+00:00,17138124
2024-06-04 08:00:00+00:00,5705662
2024-06-04 09:00:00+00:00,790515
2024-06-04 10:00:00+00:00,779116
2024-06-04 11:00:00+00:00,240913
2024-06-04 12:00:00+00:00,200035
2024-06-04 13:00:00+00:00,223483
2024-06-04 14:00:00+00:00,153696
2024-06-04 15:00:00+00:00,74489
2024-06-04 16:00:00+00:00,115435
2024-06-04 17:00:00+00:00,390467
2024-06-04 18:00:00+00:00,149717
2024-06-04 19:00:00+00:00,297359
2024-06-04 20:00:00+00:00,263618
2024-06-04 21:00:00+00:00,210967
2024-06-04 22:00:00+00:00,95673
2024-06-04 23:00:00+00:00,104819
2024-06-05 00:00:00+00:00,131747
2024-06-05 01:00:00+00:00,174105
2024-06-05 02:00:00+00:00,394697
2024-06-05 03:00:00+00:00,638243
2024-06-05 04:00:00+00:00,470724
2024-06-05 05:00:00+00:00,347391
2024-06-05 06:00:00+00:00,4603762
2024-06-05 07:00:00+00:00,648980
2024-06-05 08:00:00+00:00,669790
2024-06-05 09:00:00+00:00,655299
2024-06-05 10:00:00+00:00,1085467
2024-06-05 11:00:00+00:00,266124
2024-06-05 12:00:00+00:00,438878
2024-06-05 13:00:00+00:00,231086
2024-06-05 14:00:00+00:00,314545
2024-06-05 15:00:00+00:00,248222
2024-06-05 16:00:00+00:00,264256
2024-06-05 17:00:00+00:00,189451
2024-06-05 18:00:00+00:00,623906
2024-06-05 19:00:00+00:00,332494
2024-06-05 20:00:00+00:00,292000
2024-06-05 21:00:00+00:00,164587
2024-06-05 22:00:00+00:00,266248
2024-06-05 23:00:00+00:00,120873
2024-06-06 00:00:00+00:00,90344
2024-06-06 01:00:00+00:00,117575
2024-06-06 02:00:00+00:00,325835
2024-06-06 03:00:00+00:00,704442
2024-06-06 04:00:00+00:00,426306
2024-06-06 05:00:00+00:00,485568
2024-06-06 06:00:00+00:00,414542
2024-06-06 07:00:00+00:00,437260
2024-06-06 08:00:00+00:00,448322
2024-06-06 09:00:00+00:00,332945
2024-06-06 10:00:00+00:00,440349
2024-06-06 11:00:00+00:00,246348
2024-06-06 12:00:00+00:00,580267
2024-06-06 13:00:00+00:00,383984
2024-06-06 14:00:00+00:00,432707
2024-06-06 15:00:00+00:00,409111
2024-06-06 16:00:00+00:00,283114
2024-06-06 17:00:00+00:00,206570
2024-06-06 18:00:00+00:00,220223
2024-06-06 19:00:00+00:00,270807
2024-06-06 20:00:00+00:00,173673
2024-06-06 21:00:00+00:00,115129
2024-06-06 22:00:00+00:00,57140
2024-06-06 23:00:00+00:00,73213
2024-06-07 00:00:00+00:00,82191
2024-06-07 01:00:00+00:00,135661
2024-06-07 02:00:00+00:00,299707
2024-06-07 03:00:00+00:00,523426
2024-06-07 04:00:00+00:00,456754
2024-06-07 05:00:00+00:00,388551
2024-06-07 06:00:00+00:00,347808
2024-06-07 07:00:00+00:00,476171
2024-06-07 08:00:00+00:00,552839
2024-06-07 09:00:00+00:00,592985
2024-06-07 10:00:00+00:00,569736
2024-06-07 11:00:00+00:00,414706
2024-06-07 12:00:00+00:00,193996
2024-06-07 13:00:00+00:00,221818
2024-06-07 14:00:00+00:00,654510
2024-06-07 15:00:00+00:00,142330
2024-06-07 16:00:00+00:00,825381
2024-06-07 17:00:00+00:00,399528
2024-06-07 18:00:00+00:00,567256
2024-06-07 19:00:00+00:00,262139
2024-06-07 20:00:00+00:00,336872
2024-06-07 21:00:00+00:00,272522
2024-06-07 22:00:00+00:00,185736
2024-06-07 23:00:00+00:00,142695
2024-06-08 00:00:00+00:00,238604
2024-06-08 01:00:00+00:00,164239
2024-06-08 02:00:00+00:00,184474
2024-06-08 03:00:00+00:00,257380
2024-06-08 04:00:00+00:00,381481
2024-06-08 05:00:00+00:00,486845
2024-06-08 06:00:00+00:00,560433
2024-06-08 07:00:00+00:00,300070
2024-06-08 08:00:00+00:00,415557
2024-06-08 09:00:00+00:00,674560
2024-06-08 10:00:00+00:00,500264
2024-06-08 11:00:00+00:00,1040946
2024-06-08 12:00:00+00:00,606912
2024-06-08 13:00:00+00:00,288823
2024-06-08 14:00:00+00:00,165344
2024-06-08 15:00:00+00:00,145456
2024-06-08 16:00:00+00:00,234192
2024-06-08 17:00:00+00:00,453506
2024-06-08 18:00:00+00:00,465167
2024-06-08 19:00:00+00:00,546034
2024-06-08 20:00:00+00:00,415660
2024-06-08 21:00:00+00:00,132937
2024-06-08 22:00:00+00:00,163508
2024-06-08 23:00:00+00:00,129073
2024-06-09 00:00:00+00:00,122110
2024-06-09 01:00:00+00:00,129839
2024-06-09 02:00:00+00:00,190202
2024-06-09 03:00:00+00:00,198972
2024-06-09 04:00:00+00:00,253322
2024-06-09 05:00:00+00:00,200017
2024-06-09 06:00:00+00:00,461603
2024-06-09 07:00:00+00:00,341178
2024-06-09 08:00:00+00:00,419090
2024-06-09 09:00:00+00:00,720223
2024-06-09 10:00:00+00:00,353582
2024-06-09 11:00:00+00:00,514432
2024-06-09 12:00:00+00:00,664606
2024-06-09 13:00:00+00:00,575338
2024-06-09 14:00:00+00:00,246607
2024-06-09 15:00:00+00:00,137150
2024-06-09 16:00:00+00:00,169761
2024-06-09 17:00:00+00:00,365938
2024-06-09 18:00:00+00:00,501414
2024-06-09 19:00:00+00:00,973030
2024-06-09 20:00:00+00:00,777039
2024-06-09 21:00:00+00:00,490678
2024-06-09 22:00:00+00:00,97878
2024-06-09 23:00:00+00:00,138931
2024-06-10 00:00:00+00:00,125994
2024-06-10 01:00:00+00:00,256530
2024-06-10 02:00:00+00:00,525119
2024-06-10 03:00:00+00:00,1260733
2024-06-10 04:00:00+00:00,715967
2024-06-10 05:00:00+00:00,967073
2024-06-10 06:00:00+00:00,939791
2024-06-10 07:00:00+00:00,965822
2024-06-10 08:00:00+00:00,849357
2024-06-10 09:00:00+00:00,1042345
2024-06-10 10:00:00+00:00,690223
2024-06-10 11:00:00+00:00,563873
2024-06-10 12:00:00+00:00,278206
2024-06-10 13:00:00+00:00,367301
2024-06-10 14:00:00+00:00,362714
2024-06-10 15:00:00+00:00,251904
2024-06-10 16:00:00+00:00,494867
2024-06-10 17:00:00+00:00,348879
2024-06-10 18:00:00+00:00,508603
2024-06-10 19:00:00+00:00,655119
2024-06-10 20:00:00+00:00,364713
2024-06-10 21:00:00+00:00,276728
2024-06-10 22:00:00+00:00,161204
2024-06-10 23:00:00+00:00,485280
2024-06-11 00:00:00+00:00,199794
2024-06-11 01:00:00+00:00,239278
2024-06-11 02:00:00+00:00,412486
2024-06-11 03:00:00+00:00,1008810
2024-06-11 04:00:00+00:00,641079
2024-06-11 05:00:00+00:00,728074
2024-06-11 06:00:00+00:00,863605
2024-06-11 07:00:00+00:00,819519
2024-06-11 08:00:00+00:00,934072
2024-06-11 09:00:00+00:00,914792
2024-06-11 10:00:00+00:00,941342
2024-06-11 11:00:00+00:00,1376394
2024-06-11 12:00:00+00:00,437467
2024-06-11 13:00:00+00:00,316672
2024-06-11 14:00:00+00:00,340809
2024-06-11 15:00:00+00:00,511741
2024-06-11 16:00:00+00:00,354267
2024-06-11 17:00:00+00:00,416938
2024-06-11 18:00:00+00:00,322674
2024-06-11 19:00:00+00:00,172339
2024-06-11 20:00:00+00:00,130231
2024-06-11 21:00:00+00:00,118156
2024-06-11 22:00:00+00:00,101739
2024-06-11 23:00:00+00:00,133273
2024-06-12 00:00:00+00:00,121863
2024-06-12 01:00:00+00:00,236980
2024-06-12 02:00:00+00:00,585022
2024-06-12 03:00:00+00:00,1025140
2024-06-12 04:00:00+00:00,606813
2024-06-12 05:00:00+00:00,551583
2024-06-12 06:00:00+00:00,484357
2024-06-12 07:00:00+00:00,324653
2024-06-12 08:00:00+00:00,584663
2024-06-12 09:00:00+00:00,797458
2024-06-12 10:00:00+00:00,485846
2024-06-12 11:00:00+00:00,425215
2024-06-12 12:00:00+00:00,512163
2024-06-12 13:00:00+00:00,487162
2024-06-12 14:00:00+00:00,401181
2024-06-12 15:00:00+00:00,311381
2024-06-12 16:00:00+00:00,292775
2024-06-12 17:00:00+00:00,522902
2024-06-12 18:00:00+00:00,255966
2024-06-12 19:00:00+00:00,277190
2024-06-12 20:00:00+00:00,275834
2024-06-12 21:00:00+00:00,135062
2024-06-12 22:00:00+00:00,131678
2024-06-12 23:00:00+00:00,165953
2024-06-13 00:00:00+00:00,197124
2024-06-13 01:00:00+00:00,158557
2024-06-13 02:00:00+00:00,472811
2024-06-13 03:00:00+00:00,1830879
2024-06-13 04:00:00+00:00,517861
2024-06-13 05:00:00+00:00,1460442
2024-06-13 06:00:00+00:00,778813
2024-06-13 07:00:00+00:00,560176
2024-06-13 08:00:00+00:00,491556
2024-06-13 09:00:00+00:00,547836
2024-06-13 10:00:00+00:00,489750
2024-06-13 11:00:00+00:00,389567
2024-06-13 12:00:00+00:00,443518
2024-06-13 13:00:00+00:00,244293
2024-06-13 14:00:00+00:00,597873
2024-06-13 15:00:00+00:00,198959
2024-06-13 16:00:00+00:00,428777
2024-06-13 17:00:00+00:00,2077321
2024-06-13 18:00:00+00:00,690909
2024-06-13 19:00:00+00:00,471341
2024-06-13 20:00:00+00:00,503215
2024-06-13 21:00:00+00:00,290017
2024-06-13 22:00:00+00:00,386208
2024-06-13 23:00:00+00:00,290248
2024-06-14 00:00:00+00:00,126571
2024-06-14 01:00:00+00:00,209695
2024-06-14 02:00:00+00:00,458844
2024-06-14 03:00:00+00:00,641774
2024-06-14 04:00:00+00:00,536155
2024-06-14 05:00:00+00:00,702749
2024-06-14 06:00:00+00:00,527746
2024-06-14 07:00:00+00:00,717412
2024-06-14 08:00:00+00:00,656872
2024-06-14 09:00:00+00:00,782101
2024-06-14 10:00:00+00:00,451686
2024-06-14 11:00:00+00:00,387977
2024-06-14 12:00:00+00:00,583292
2024-06-14 13:00:00+00:00,206625
2024-06-14 14:00:00+00:00,287493
2024-06-14 15:00:00+00:00,366249
2024-06-14 16:00:00+00:00,340533
2024-06-14 17:00:00+00:00,332904
2024-06-14 18:00:00+00:00,535566
2024-06-14 19:00:00+00:00,425124
2024-06-14 20:00:00+00:00,238005
2024-06-14 21:00:00+00:00,111887
2024-06-14 22:00:00+00:00,117397
2024-06-14 23:00:00+00:00,126285
2024-06-15 00:00:00+00:00,159246
2024-06-15 01:00:00+00:00,175516
2024-06-15 02:00:00+00:00,446801
2024-06-15 03:00:00+00:00,730925
2024-06-15 04:00:00+00:00,245732
2024-06-15 05:00:00+00:00,405986
2024-06-15 06:00:00+00:00,777394
2024-06-15 07:00:00+00:00,517031
2024-06-15 08:00:00+00:00,297904
2024-06-15 09:00:00+00:00,402686
2024-06-15 10:00:00+00:00,633299
2024-06-15 11:00:00+00:00,371222
2024-06-15 12:00:00+00:00,749265
2024-06-15 13:00:00+00:00,635266
2024-06-15 14:00:00+00:00,361633
2024-06-15 15:00:00+00:00,1042306
2024-06-15 16:00:00+00:00,537515
2024-06-15 17:00:00+00:00,647909
2024-06-15 18:00:00+00:00,322211
2024-06-15 19:00:00+00:00,941926
2024-06-15 20:00:00+00:00,309106
2024-06-15 21:00:00+00:00,287737
2024-06-15 22:00:00+00:00,227188
2024-06-15 23:00:00+00:00,89732
2024-06-16 00:00:00+00:00,312385
2024-06-16 01:00:00+00:00,379811
2024-06-16 02:00:00+00:00,205615
2024-06-16 03:00:00+00:00,284803
2024-06-16 04:00:00+00:00,798444
2024-06-16 05:00:00+00:00,421151
2024-06-16 06:00:00+00:00,329467
2024-06-16 07:00:00+00:00,834456
2024-06-16 08:00:00+00:00,566383
2024-06-16 09:00:00+00:00,751630
2024-06-16 10:00:00+00:00,851225
2024-06-16 11:00:00+00:00,1667810
2024-06-16 12:00:00+00:00,834083
2024-06-16 13:00:00+00:00,778464
2024-06-16 14:00:00+00:00,517596
2024-06-16 15:00:00+00:00,520161
2024-06-16 16:00:00+00:00,428567
2024-06-16 17:00:00+00:00,476362
2024-06-16 18:00:00+00:00,352461
2024-06-16 19:00:00+00:00,595309
2024-06-16 20:00:00+00:00,240741
2024-06-16 21:00:00+00:00,100340
2024-06-16 22:00:00+00:00,67859
2024-06-16 23:00:00+00:00,98655
2024-06-17 00:00:00+00:00,207712
2024-06-17 01:00:00+00:00,142039
2024-06-17 02:00:00+00:00,1108655
2024-06-17 03:00:00+00:00,833137
2024-06-17 04:00:00+00:00,688480
2024-06-17 05:00:00+00:00,679319
2024-06-17 06:00:00+00:00,855119
2024-06-17 07:00:00+00:00,533998
2024-06-17 08:00:00+00:00,694709
2024-06-17 09:00:00+00:00,1298439
2024-06-17 10:00:00+00:00,927844
2024-06-17 11:00:00+00:00,358729
2024-06-17 12:00:00+00:00,452024
2024-06-17 13:00:00+00:00,481807
2024-06-17 14:00:00+00:00,344345
2024-06-17 15:00:00+00:00,339056
2024-06-17 16:00:00+00:00,471918
2024-06-17 17:00:00+00:00,563656
2024-06-17 18:00:00+00:00,600870
2024-06-17 19:00:00+00:00,752278
2024-06-17 20:00:00+00:00,510221
2024-06-17 21:00:00+00:00,435033
2024-06-17 22:00:00+00:00,436909
2024-06-17 23:00:00+00:00,202763
2024-06-18 00:00:00+00:00,414900
2024-06-18 01:00:00+00:00,217113
2024-06-18 02:00:00+00:00,782220
2024-06-18 03:00:00+00:00,755143
2024-06-18 04:00:00+00:00,509089
2024-06-18 05:00:00+00:00,488301
2024-06-18 06:00:00+00:00,529729
2024-06-18 07:00:00+00:00,587354
2024-06-18 08:00:00+00:00,511348
2024-06-18 09:00:00+00:00,463934
2024-06-18 10:00:00+00:00,296512
2024-06-18 11:00:00+00:00,264121
2024-06-18 12:00:00+00:00,112747
2024-06-18 13:00:00+00:00,358149
2024-06-18 14:00:00+00:00,158336
2024-06-18 15:00:00+00:00,316473
2024-06-18 16:00:00+00:00,421672
2024-06-18 17:00:00+00:00,323144
2024-06-18 18:00:00+00:00,249179
2024-06-18 19:00:00+00:00,116109
2024-06-18 20:00:00+00:00,115328
2024-06-18 21:00:00+00:00,72640
2024-06-18 22:00:00+00:00,54258
2024-06-18 23:00:00+00:00,93395
2024-06-19 00:00:00+00:00,86897
2024-06-19 01:00:00+00:00,95898
2024-06-19 02:00:00+00:00,187334
2024-06-19 03:00:00+00:00,441903
2024-06-19 04:00:00+00:00,355350
2024-06-19 05:00:00+00:00,232973
2024-06-19 06:00:00+00:00,266668
2024-06-19 07:00:00+00:00,285853
2024-06-19 08:00:00+00:00,350998
2024-06-19 09:00:00+00:00,375928
2024-06-19 10:00:00+00:00,372026
2024-06-19 11:00:00+00:00,187435
2024-06-19 12:00:00+00:00,202748
2024-06-19 13:00:00+00:00,198109
2024-06-19 14:00:00+00:00,245410
2024-06-19 15:00:00+00:00,95702
2024-06-19 16:00:00+00:00,188857
2024-06-19 17:00:00+00:00,807146
2024-06-19 18:00:00+00:00,966744
2024-06-19 19:00:00+00:00,423510
2024-06-19 20:00:00+00:00,375471
2024-06-19 21:00:00+00:00,199707
2024-06-19 22:00:00+00:00,443770
2024-06-19 23:00:00+00:00,242405
2024-06-20 00:00:00+00:00,165194
2024-06-20 01:00:00+00:00,541395
2024-06-20 02:00:00+00:00,899514
2024-06-20 03:00:00+00:00,841732
2024-06-20 04:00:00+00:00,745756
2024-06-20 05:00:00+00:00,493173
2024-06-20 06:00:00+00:00,434658
2024-06-20 07:00:00+00:00,1536295
2024-06-20 08:00:00+00:00,795297
2024-06-20 09:00:00+00:00,755649
2024-06-20 10:00:00+00:00,615050
2024-06-20 11:00:00+00:00,326622
2024-06-20 12:00:00+00:00,539567
2024-06-20 13:00:00+00:00,386046
2024-06-20 14:00:00+00:00,785097
2024-06-20 15:00:00+00:00,329831
2024-06-20 16:00:00+00:00,338287
2024-06-20 17:00:00+00:00,255115
2024-06-20 18:00:00+00:00,481468
2024-06-20 19:00:00+00:00,397412
2024-06-20 20:00:00+00:00,286423
2024-06-20 21:00:00+00:00,389208
2024-06-20 22:00:00+00:00,147384
2024-06-20 23:00:00+00:00,181067
2024-06-21 00:00:00+00:00,413591
2024-06-21 01:00:00+00:00,310668
2024-06-21 02:00:00+00:00,342209
2024-06-21 03:00:00+00:00,718484
2024-06-21 04:00:00+00:00,1070506
2024-06-21 05:00:00+00:00,542088
2024-06-21 06:00:00+00:00,475365
2024-06-21 07:00:00+00:00,924289
2024-06-21 08:00:00+00:00,1117765
2024-06-21 09:00:00+00:00,817267
2024-06-21 10:00:00+00:00,427119
2024-06-21 11:00:00+00:00,615374
2024-06-21 12:00:00+00:00,343382
2024-06-21 13:00:00+00:00,542597
2024-06-21 14:00:00+00:00,610078
2024-06-21 15:00:00+00:00,340248
2024-06-21 16:00:00+00:00,340807
2024-06-21 17:00:00+00:00,293046
2024-06-21 18:00:00+00:00,433336
2024-06-21 19:00:00+00:00,223387
2024-06-21 20:00:00+00:00,494997
2024-06-21 21:00:00+00:00,309806
2024-06-21 22:00:00+00:00,137935
2024-06-21 23:00:00+00:00,242761
2024-06-22 00:00:00+00:00,195832
2024-06-22 01:00:00+00:00,271422
2024-06-22 02:00:00+00:00,246213
2024-06-22 03:00:00+00:00,329853
2024-06-22 04:00:00+00:00,175102
2024-06-22 05:00:00+00:00,344843
2024-06-22 06:00:00+00:00,471731
2024-06-22 07:00:00+00:00,411596
2024-06-22 08:00:00+00:00,216171
2024-06-22 09:00:00+00:00,405426
2024-06-22 10:00:00+00:00,404863
2024-06-22 11:00:00+00:00,906161
2024-06-22 12:00:00+00:00,383887
2024-06-22 13:00:00+00:00,419652
2024-06-22 14:00:00+00:00,168676
2024-06-22 15:00:00+00:00,328601
2024-06-22 16:00:00+00:00,204815
2024-06-22 17:00:00+00:00,478478
2024-06-22 18:00:00+00:00,446160
2024-06-22 19:00:00+00:00,670662
2024-06-22 20:00:00+00:00,191016
2024-06-22 21:00:00+00:00,225945
2024-06-22 22:00:00+00:00,274635
2024-06-22 23:00:00+00:00,368938
2024-06-23 00:00:00+00:00,141760
2024-06-23 01:00:00+00:00,206222
2024-06-23 02:00:00+00:00,243690
2024-06-23 03:00:00+00:00,312795
2024-06-23 04:00:00+00:00,307454
2024-06-23 05:00:00+00:00,235185
2024-06-23 06:00:00+00:00,296853
2024-06-23 07:00:00+00:00,286732
2024-06-23 08:00:00+00:00,369960
2024-06-23 09:00:00+00:00,257289
2024-06-23 10:00:00+00:00,236988
2024-06-23 11:00:00+00:00,271008
2024-06-23 12:00:00+00:00,412464
2024-06-23 13:00:00+00:00,514753
2024-06-23 14:00:00+00:00,212197
2024-06-23 15:00:00+00:00,930579
2024-06-23 16:00:00+00:00,266322
2024-06-23 17:00:00+00:00,503396
2024-06-23 18:00:00+00:00,1083198
2024-06-23 19:00:00+00:00,1006665
2024-06-23 20:00:00+00:00,543936
2024-06-23 21:00:00+00:00,394548
2024-06-23 22:00:00+00:00,336223
2024-06-23 23:00:00+00:00,184414
2024-06-24 00:00:00+00:00,223431
2024-06-24 01:00:00+00:00,285552
2024-06-24 02:00:00+00:00,409024
2024-06-24 03:00:00+00:00,856221
2024-06-24 04:00:00+00:00,538512
2024-06-24 05:00:00+00:00,546433
2024-06-24 06:00:00+00:00,766644
2024-06-24 07:00:00+00:00,716636
2024-06-24 08:00:00+00:00,776533
2024-06-24 09:00:00+00:00,693706
2024-06-24 10:00:00+00:00,657800
2024-06-24 11:00:00+00:00,923257
2024-06-24 12:00:00+00:00,509642
2024-06-24 13:00:00+00:00,437191
2024-06-24 14:00:00+00:00,309711
2024-06-24 15:00:00+00:00,370249
2024-06-24 16:00:00+00:00,232707
2024-06-24 17:00:00+00:00,1199325
2024-06-24 18:00:00+00:00,554520
2024-06-24 19:00:00+00:00,464520
2024-06-24 20:00:00+00:00,1022024
2024-06-24 21:00:00+00:00,395932
2024-06-24 22:00:00+00:00,240414
2024-06-24 23:00:00+00:00,168532
2024-06-25 00:00:00+00:00,190209
2024-06-25 01:00:00+00:00,235820
2024-06-25 02:00:00+00:00,472385
2024-06-25 03:00:00+00:00,1248398
2024-06-25 04:00:00+00:00,815307
2024-06-25 05:00:00+00:00,1047088
2024-06-25 06:00:00+00:00,1103317
2024-06-25 07:00:00+00:00,1290457
2024-06-25 08:00:00+00:00,748401
2024-06-25 09:00:00+00:00,1079737
2024-06-25 10:00:00+00:00,880349
2024-06-25 11:00:00+00:00,656813
2024-06-25 12:00:00+00:00,498786
2024-06-25 13:00:00+00:00,437360
2024-06-25 14:00:00+00:00,435108
2024-06-25 15:00:00+00:00,647343
2024-06-25 16:00:00+00:00,522994
2024-06-25 17:00:00+00:00,517447
2024-06-25 18:00:00+00:00,538032
2024-06-25 19:00:00+00:00,581721
2024-06-25 20:00:00+00:00,268689
2024-06-25 21:00:00+00:00,173979
2024-06-25 22:00:00+00:00,252739
2024-06-25 23:00:00+00:00,189490
2024-06-26 00:00:00+00:00,379586
2024-06-26 01:00:00+00:00,435234
2024-06-26 02:00:00+00:00,794975
2024-06-26 03:00:00+00:00,1384036
2024-06-26 04:00:00+00:00,805161
2024-06-26 05:00:00+00:00,1090969
2024-06-26 06:00:00+00:00,2421553
2024-06-26 07:00:00+00:00,1338953
2024-06-26 08:00:00+00:00,643004
2024-06-26 09:00:00+00:00,1023309
2024-06-26 10:00:00+00:00,1474460
2024-06-26 11:00:00+00:00,652590
2024-06-26 12:00:00+00:00,564638
2024-06-26 13:00:00+00:00,580320
2024-06-26 14:00:00+00:00,945038
2024-06-26 15:00:00+00:00,591783
2024-06-26 16:00:00+00:00,419068
2024-06-26 17:00:00+00:00,686581
2024-06-26 18:00:00+00:00,699873
2024-06-26 19:00:00+00:00,322378
2024-06-26 20:00:00+00:00,263409
2024-06-26 21:00:00+00:00,223771
2024-06-26 22:00:00+00:00,109528
2024-06-26 23:00:00+00:00,90450
2024-06-27 00:00:00+00:00,102369
2024-06-27 01:00:00+00:00,173183
2024-06-27 02:00:00+00:00,619231
2024-06-27 03:00:00+00:00,951030
2024-06-27 04:00:00+00:00,679845
2024-06-27 05:00:00+00:00,899287
2024-06-27 06:00:00+00:00,1427115
2024-06-27 07:00:00+00:00,1150768
2024-06-27 08:00:00+00:00,1354760
2024-06-27 09:00:00+00:00,942379
2024-06-27 10:00:00+00:00,878879
2024-06-27 11:00:00+00:00,474827
2024-06-27 12:00:00+00:00,628493
2024-06-27 13:00:00+00:00,509380
2024-06-27 14:00:00+00:00,440347
2024-06-27 15:00:00+00:00,310078
2024-06-27 16:00:00+00:00,405753
2024-06-27 17:00:00+00:00,221571
2024-06-27 18:00:00+00:00,280350
2024-06-27 19:00:00+00:00,475486
2024-06-27 20:00:00+00:00,163011
2024-06-27 21:00:00+00:00,289216
2024-06-27 22:00:00+00:00,160694
2024-06-27 23:00:00+00:00,190735
2024-06-28 00:00:00+00:00,94328
2024-06-28 01:00:00+00:00,206266
2024-06-28 02:00:00+00:00,409550
2024-06-28 03:00:00+00:00,929631
2024-06-28 04:00:00+00:00,874830
2024-06-28 05:00:00+00:00,793838
2024-06-28 06:00:00+00:00,753673
2024-06-28 07:00:00+00:00,601802
2024-06-28 08:00:00+00:00,912795
2024-06-28 09:00:00+00:00,630391
2024-06-28 10:00:00+00:00,674371
2024-06-28 11:00:00+00:00,372979
2024-06-28 12:00:00+00:00,264618
2024-06-28 13:00:00+00:00,356277
2024-06-28 14:00:00+00:00,268721
2024-06-28 15:00:00+00:00,304180
2024-06-28 16:00:00+00:00,606159
2024-06-28 17:00:00+00:00,430930
2024-06-28 18:00:00+00:00,695119
2024-06-28 19:00:00+00:00,292716
2024-06-28 20:00:00+00:00,250955
2024-06-28 21:00:00+00:00,244087
2024-06-28 22:00:00+00:00,192728
2024-06-28 23:00:00+00:00,192654
2024-06-29 00:00:00+00:00,100297
2024-06-29 01:00:00+00:00,178365
2024-06-29 02:00:00+00:00,152841
2024-06-29 03:00:00+00:00,380508
2024-06-29 04:00:00+00:00,226957
2024-06-29 05:00:00+00:00,173358
2024-06-29 06:00:00+00:00,300324
2024-06-29 07:00:00+00:00,210569
2024-06-29 08:00:00+00:00,251838
2024-06-29 09:00:00+00:00,478080
2024-06-29 10:00:00+00:00,273294
2024-06-29 11:00:00+00:00,623501
2024-06-29 12:00:00+00:00,501769
2024-06-29 13:00:00+00:00,308901
2024-06-29 14:00:00+00:00,340082
2024-06-29 15:00:00+00:00,405142
2024-06-29 16:00:00+00:00,230586
2024-06-29 17:00:00+00:00,1636337
2024-06-29 18:00:00+00:00,289712
2024-06-29 19:00:00+00:00,457798
2024-06-29 20:00:00+00:00,201117
2024-06-29 21:00:00+00:00,129954
2024-06-29 22:00:00+00:00,82689
2024-06-29 23:00:00+00:00,140514
2024-06-30 00:00:00+00:00,154100
2024-06-30 01:00:00+00:00,134955
2024-06-30 02:00:00+00:00,402765
2024-06-30 03:00:00+00:00,290354
2024-06-30 04:00:00+00:00,297325
2024-06-30 05:00:00+00:00,329648
2024-06-30 06:00:00+00:00,285418
2024-06-30 07:00:00+00:00,346316
2024-06-30 08:00:00+00:00,336411
2024-06-30 09:00:00+00:00,367049
2024-06-30 10:00:00+00:00,518647
2024-06-30 11:00:00+00:00,411888
2024-06-30 12:00:00+00:00,276033
2024-06-30 13:00:00+00:00,280489
2024-06-30 14:00:00+00:00,636959
2024-06-30 15:00:00+00:00,519327
2024-06-30 16:00:00+00:00,669529
2024-06-30 17:00:00+00:00,750148
2024-06-30 18:00:00+00:00,453132
2024-06-30 19:00:00+00:00,477614
2024-06-30 20:00:00+00:00,219359
2024-06-30 21:00:00+00:00,123917
2024-06-30 22:00:00+00:00,100188
2024-06-30 23:00:00+00:00,92636
2024-07-01 00:00:00+00:00,91252
2024-07-01 01:00:00+00:00,285622
2024-07-01 02:00:00+00:00,896625
2024-07-01 03:00:00+00:00,1312527
2024-07-01 04:00:00+00:00,868470
2024-07-01 05:00:00+00:00,992628
2024-07-01 06:00:00+00:00,768624
2024-07-01 07:00:00+00:00,755188
2024-07-01 08:00:00+00:00,788411
2024-07-01 09:00:00+00:00,829819
2024-07-01 10:00:00+00:00,1101105
2024-07-01 11:00:00+00:00,485556
2024-07-01 12:00:00+00:00,208999
2024-07-01 13:00:00+00:00,156892
2024-07-01 14:00:00+00:00,135133
2024-07-01 15:00:00+00:00,486107
2024-07-01 16:00:00+00:00,458167
2024-07-01 17:00:00+00:00,724458
2024-07-01 18:00:00+00:00,265636
2024-07-01 19:00:00+00:00,437851
2024-07-01 20:00:00+00:00,151652
2024-07-01 21:00:00+00:00,142525
2024-07-01 22:00:00+00:00,215431
2024-07-01 23:00:00+00:00,206156
2024-07-02 00:00:00+00:00,119658
2024-07-02 01:00:00+00:00,156480
2024-07-02 02:00:00+00:00,611473
2024-07-02 03:00:00+00:00,1471183
2024-07-02 04:00:00+00:00,734015
2024-07-02 05:00:00+00:00,1081200
2024-07-02 06:00:00+00:00,912561
2024-07-02 07:00:00+00:00,1341334
2024-07-02 08:00:00+00:00,805488
2024-07-02 09:00:00+00:00,1069875
2024-07-02 10:00:00+00:00,619249
2024-07-02 11:00:00+00:00,406956
2024-07-02 12:00:00+00:00,549177
2024-07-02 13:00:00+00:00,750546
2024-07-02 14:00:00+00:00,320713
2024-07-02 15:00:00+00:00,224793
2024-07-02 16:00:00+00:00,374017
2024-07-02 17:00:00+00:00,655901
2024-07-02 18:00:00+00:00,403832
2024-07-02 19:00:00+00:00,414723
2024-07-02 20:00:00+00:00,579037
2024-07-02 21:00:00+00:00,545590
2024-07-02 22:00:00+00:00,397620
2024-07-02 23:00:00+00:00,292380
2024-07-03 00:00:00+00:00,263478
2024-07-03 01:00:00+00:00,396193
2024-07-03 02:00:00+00:00,576839
2024-07-03 03:00:00+00:00,951113
2024-07-03 04:00:00+00:00,601875
2024-07-03 05:00:00+00:00,806999
2024-07-03 06:00:00+00:00,749041
2024-07-03 07:00:00+00:00,828827
2024-07-03 08:00:00+00:00,688905
2024-07-03 09:00:00+00:00,1064414
2024-07-03 10:00:00+00:00,885293
2024-07-03 11:00:00+00:00,415663
2024-07-03 12:00:00+00:00,337489
2024-07-03 13:00:00+00:00,306933
2024-07-03 14:00:00+00:00,201232
2024-07-03 15:00:00+00:00,655409
2024-07-03 16:00:00+00:00,461232
2024-07-03 17:00:00+00:00,402321
2024-07-03 18:00:00+00:00,485145
2024-07-03 19:00:00+00:00,806474
2024-07-03 20:00:00+00:00,205912
2024-07-03 21:00:00+00:00,219676
2024-07-03 22:00:00+00:00,167209
2024-07-03 23:00:00+00:00,181834
2024-07-04 00:00:00+00:00,208960
2024-07-04 01:00:00+00:00,235175
2024-07-04 02:00:00+00:00,398049
2024-07-04 03:00:00+00:00,998692
2024-07-04 04:00:00+00:00,1452324
2024-07-04 05:00:00+00:00,974757
2024-07-04 06:00:00+00:00,805704
2024-07-04 07:00:00+00:00,863625
2024-07-04 08:00:00+00:00,791159
2024-07-04 09:00:00+00:00,728557
2024-07-04 10:00:00+00:00,759265
2024-07-04 11:00:00+00:00,268970
2024-07-04 12:00:00+00:00,471841
2024-07-04 13:00:00+00:00,328859
2024-07-04 14:00:00+00:00,166507
2024-07-04 15:00:00+00:00,354348
2024-07-04 16:00:00+00:00,407500
2024-07-04 17:00:00+00:00,320784
2024-07-04 18:00:00+00:00,222755
2024-07-04 19:00:00+00:00,244594
2024-07-04 20:00:00+00:00,377986
2024-07-04 21:00:00+00:00,320300
2024-07-04 22:00:00+00:00,83509
2024-07-04 23:00:00+00:00,124941
2024-07-05 00:00:00+00:00,88554
2024-07-05 01:00:00+00:00,89678
2024-07-05 02:00:00+00:00,219890
2024-07-05 03:00:00+00:00,161412
2024-07-05 04:00:00+00:00,377644
2024-07-05 05:00:00+00:00,579710
2024-07-05 06:00:00+00:00,222426
2024-07-05 07:00:00+00:00,345978
2024-07-05 08:00:00+00:00,328417
2024-07-05 09:00:00+00:00,457474
2024-07-05 10:00:00+00:00,471482
2024-07-05 11:00:00+00:00,475106
2024-07-05 12:00:00+00:00,406067
2024-07-05 13:00:00+00:00,298302
2024-07-05 14:00:00+00:00,328205
2024-07-05 15:00:00+00:00,493449
2024-07-05 16:00:00+00:00,373567
2024-07-05 17:00:00+00:00,494929
2024-07-05 18:00:00+00:00,368030
2024-07-05 19:00:00+00:00,278236
2024-07-05 20:00:00+00:00,184473
2024-07-05 21:00:00+00:00,125835
2024-07-05 22:00:00+00:00,87253
2024-07-05 23:00:00+00:00,81830
2024-07-06 00:00:00+00:00,115365
2024-07-06 01:00:00+00:00,296702
2024-07-06 02:00:00+00:00,242199
2024-07-06 03:00:00+00:00,412701
2024-07-06 04:00:00+00:00,216798
2024-07-06 05:00:00+00:00,186167
2024-07-06 06:00:00+00:00,458027
2024-07-06 07:00:00+00:00,250336
2024-07-06 08:00:00+00:00,819464
2024-07-06 09:00:00+00:00,333793
2024-07-06 10:00:00+00:00,549720
2024-07-06 11:00:00+00:00,943427
2024-07-06 12:00:00+00:00,402613
2024-07-06 13:00:00+00:00,331894
2024-07-06 14:00:00+00:00,256140
2024-07-06 15:00:00+00:00,442816
2024-07-06 16:00:00+00:00,346919
2024-07-06 17:00:00+00:00,602231
2024-07-06 18:00:00+00:00,884810
2024-07-06 19:00:00+00:00,281096
2024-07-06 20:00:00+00:00,204342
2024-07-06 21:00:00+00:00,259829
2024-07-06 22:00:00+00:00,105308
2024-07-06 23:00:00+00:00,188187
2024-07-07 00:00:00+00:00,76366
2024-07-07 01:00:00+00:00,157021
2024-07-07 02:00:00+00:00,156786
2024-07-07 03:00:00+00:00,169093
2024-07-07 04:00:00+00:00,128526
2024-07-07 05:00:00+00:00,177518
2024-07-07 06:00:00+00:00,533080
2024-07-07 07:00:00+00:00,163704
2024-07-07 08:00:00+00:00,238072
2024-07-07 09:00:00+00:00,353321
2024-07-07 10:00:00+00:00,603007
2024-07-07 11:00:00+00:00,389764
2024-07-07 12:00:00+00:00,295307
2024-07-07 13:00:00+00:00,217689
2024-07-07 14:00:00+00:00,368436
2024-07-07 15:00:00+00:00,412645
2024-07-07 16:00:00+00:00,278039
2024-07-07 17:00:00+00:00,545767
2024-07-07 18:00:00+00:00,396167
2024-07-07 19:00:00+00:00,362340
2024-07-07 20:00:00+00:00,305878
2024-07-07 21:00:00+00:00,277907
2024-07-07 22:00:00+00:00,131321
2024-07-07 23:00:00+00:00,119852
2024-07-08 00:00:00+00:00,169999
2024-07-08 01:00:00+00:00,486827
2024-07-08 02:00:00+00:00,492538
2024-07-08 03:00:00+00:00,951025
2024-07-08 04:00:00+00:00,652058
2024-07-08 05:00:00+00:00,798959
2024-07-08 06:00:00+00:00,787670
2024-07-08 07:00:00+00:00,1093154
2024-07-08 08:00:00+00:00,775366
2024-07-08 09:00:00+00:00,799392
2024-07-08 10:00:00+00:00,578322
2024-07-08 11:00:00+00:00,281299
2024-07-08 12:00:00+00:00,357169
2024-07-08 13:00:00+00:00,248711
2024-07-08 14:00:00+00:00,146354
2024-07-08 15:00:00+00:00,379637
2024-07-08 16:00:00+00:00,129876
2024-07-08 17:00:00+00:00,194566
2024-07-08 18:00:00+00:00,184361
2024-07-08 19:00:00+00:00,273902
2024-07-08 20:00:00+00:00,242318
2024-07-08 21:00:00+00:00,179937
2024-07-08 22:00:00+00:00,333253
2024-07-08 23:00:00+00:00,190498
2024-07-09 00:00:00+00:00,106749
2024-07-09 01:00:00+00:00,274237
2024-07-09 02:00:00+00:00,676103
2024-07-09 03:00:00+00:00,917211
2024-07-09 04:00:00+00:00,632308
2024-07-09 05:00:00+00:00,1108218
2024-07-09 06:00:00+00:00,1030293
2024-07-09 07:00:00+00:00,711595
2024-07-09 08:00:00+00:00,602035
2024-07-09 09:00:00+00:00,703053
2024-07-09 10:00:00+00:00,860897
2024-07-09 11:00:00+00:00,564414
2024-07-09 12:00:00+00:00,426690
2024-07-09 13:00:00+00:00,403246
2024-07-09 14:00:00+00:00,252732
2024-07-09 15:00:00+00:00,385299
2024-07-09 16:00:00+00:00,241857
2024-07-09 17:00:00+00:00,356259
2024-07-09 18:00:00+00:00,1234431
2024-07-09 19:00:00+00:00,864873
2024-07-09 20:00:00+00:00,393241
2024-07-09 21:00:00+00:00,854911
2024-07-09 22:00:00+00:00,373384
2024-07-09 23:00:00+00:00,243518
2024-07-10 00:00:00+00:00,338172
2024-07-10 01:00:00+00:00,390018
2024-07-10 02:00:00+00:00,582395
2024-07-10 03:00:00+00:00,902751
2024-07-10 04:00:00+00:00,615490
2024-07-10 05:00:00+00:00,841050
2024-07-10 06:00:00+00:00,613719
2024-07-10 07:00:00+00:00,545565
2024-07-10 08:00:00+00:00,689379
2024-07-10 09:00:00+00:00,815600
2024-07-10 10:00:00+00:00,1227338
2024-07-10 11:00:00+00:00,510897
2024-07-10 12:00:00+00:00,358456
2024-07-10 13:00:00+00:00,797894
2024-07-10 14:00:00+00:00,476715
2024-07-10 15:00:00+00:00,440033
2024-07-10 16:00:00+00:00,394018
2024-07-10 17:00:00+00:00,562908
2024-07-10 18:00:00+00:00,947566
2024-07-10 19:00:00+00:00,579633
2024-07-10 20:00:00+00:00,335345
2024-07-10 21:00:00+00:00,501593
2024-07-10 22:00:00+00:00,353127
2024-07-10 23:00:00+00:00,322990
2024-07-11 00:00:00+00:00,441554
2024-07-11 01:00:00+00:00,350855
2024-07-11 02:00:00+00:00,576700
2024-07-11 03:00:00+00:00,1133765
2024-07-11 04:00:00+00:00,1015147
2024-07-11 05:00:00+00:00,837192
2024-07-11 06:00:00+00:00,705828
2024-07-11 07:00:00+00:00,803171
2024-07-11 08:00:00+00:00,880064
2024-07-11 09:00:00+00:00,958904
2024-07-11 10:00:00+00:00,652497
2024-07-11 11:00:00+00:00,561290
2024-07-11 12:00:00+00:00,494093
2024-07-11 13:00:00+00:00,597216
2024-07-11 14:00:00+00:00,640127
2024-07-11 15:00:00+00:00,347789
2024-07-11 16:00:00+00:00,581934
2024-07-11 17:00:00+00:00,692837
2024-07-11 18:00:00+00:00,309384
2024-07-11 19:00:00+00:00,342840
2024-07-11 20:00:00+00:00,222418
2024-07-11 21:00:00+00:00,258459
2024-07-11 22:00:00+00:00,121397
2024-07-11 23:00:00+00:00,239562
2024-07-12 00:00:00+00:00,138533
2024-07-12 01:00:00+00:00,125834
2024-07-12 02:00:00+00:00,572987
2024-07-12 03:00:00+00:00,1414829
2024-07-12 04:00:00+00:00,2302864
2024-07-12 05:00:00+00:00,792300
2024-07-12 06:00:00+00:00,883713
2024-07-12 07:00:00+00:00,756611
2024-07-12 08:00:00+00:00,1938145
2024-07-12 09:00:00+00:00,902411
2024-07-12 10:00:00+00:00,648124
2024-07-12 11:00:00+00:00,351449
2024-07-12 12:00:00+00:00,215224
2024-07-12 13:00:00+00:00,387326
2024-07-12 14:00:00+00:00,155069
2024-07-12 15:00:00+00:00,344834
2024-07-12 16:00:00+00:00,384941
2024-07-12 17:00:00+00:00,267445
2024-07-12 18:00:00+00:00,386717
2024-07-12 19:00:00+00:00,474810
2024-07-12 20:00:00+00:00,244348
2024-07-12 21:00:00+00:00,435995
2024-07-12 22:00:00+00:00,156241
2024-07-12 23:00:00+00:00,117322
2024-07-13 00:00:00+00:00,132150
2024-07-13 01:00:00+00:00,148625
2024-07-13 02:00:00+00:00,220290
2024-07-13 03:00:00+00:00,311356
2024-07-13 04:00:00+00:00,304596
2024-07-13 05:00:00+00:00,282503
2024-07-13 06:00:00+00:00,415937
2024-07-13 07:00:00+00:00,310671
2024-07-13 08:00:00+00:00,547069
2024-07-13 09:00:00+00:00,366722
2024-07-13 10:00:00+00:00,640319
2024-07-13 11:00:00+00:00,643470
2024-07-13 12:00:00+00:00,602595
2024-07-13 13:00:00+00:00,499254
2024-07-13 14:00:00+00:00,408021
2024-07-13 15:00:00+00:00,426519
2024-07-13 16:00:00+00:00,313941
2024-07-13 17:00:00+00:00,310155
2024-07-13 18:00:00+00:00,408718
2024-07-13 19:00:00+00:00,302246
2024-07-13 20:00:00+00:00,685136
2024-07-13 21:00:00+00:00,121838
2024-07-13 22:00:00+00:00,236936
2024-07-13 23:00:00+00:00,118761
2024-07-14 00:00:00+00:00,202728
2024-07-14 01:00:00+00:00,91434
2024-07-14 02:00:00+00:00,126691
2024-07-14 03:00:00+00:00,281891
2024-07-14 04:00:00+00:00,241190
2024-07-14 05:00:00+00:00,483494
2024-07-14 06:00:00+00:00,656621
2024-07-14 07:00:00+00:00,940196
2024-07-14 08:00:00+00:00,737204
2024-07-14 09:00:00+00:00,583558
2024-07-14 10:00:00+00:00,740685
2024-07-14 11:00:00+00:00,397386
2024-07-14 12:00:00+00:00,783770
2024-07-14 13:00:00+00:00,816691
2024-07-14 14:00:00+00:00,377585
2024-07-14 15:00:00+00:00,563231
2024-07-14 16:00:00+00:00,277518
2024-07-14 17:00:00+00:00,400661
2024-07-14 18:00:00+00:00,417016
2024-07-14 19:00:00+00:00,779074
2024-07-14 20:00:00+00:00,269809
2024-07-14 21:00:00+00:00,324465
